2025-03-25 04:20:21,300 - __main__ - INFO - Khởi động QuangTPS tại 2025-03-25 04:20:21
2025-03-25 04:20:21,300 - __main__ - INFO - Thư mục gốc: E:\hoctap\QuangTPS
2025-03-25 04:20:21,301 - __main__ - INFO - File log: E:\hoctap\QuangTPS\logs\quangtps_20250325_042021.log
2025-03-25 04:20:21,301 - __main__ - DEBUG - Thư viện numpy đã được cài đặt
2025-03-25 04:20:21,321 - __main__ - DEBUG - Thư viện scipy đã được cài đặt
2025-03-25 04:20:21,895 - __main__ - DEBUG - Thư viện pandas đã được cài đặt
2025-03-25 04:20:22,524 - __main__ - DEBUG - Thư viện pydicom đã được cài đặt
2025-03-25 04:20:22,524 - __main__ - DEBUG - Thư viện PyQt5 đã được cài đặt
2025-03-25 04:20:22,643 - matplotlib - DEBUG - matplotlib data path: C:\Users\ROG\.conda\envs\quangstation\Lib\site-packages\matplotlib\mpl-data
2025-03-25 04:20:22,649 - matplotlib - DEBUG - CONFIGDIR=C:\Users\ROG\.matplotlib
2025-03-25 04:20:22,650 - matplotlib - DEBUG - interactive is False
2025-03-25 04:20:22,650 - matplotlib - DEBUG - platform is win32
2025-03-25 04:20:22,671 - __main__ - DEBUG - Thư viện matplotlib đã được cài đặt
2025-03-25 04:20:22,674 - __main__ - DEBUG - Thư viện scikit-image đã được cài đặt
2025-03-25 04:20:22,680 - __main__ - DEBUG - Thư viện dicompyler-core đã được cài đặt
2025-03-25 04:20:22,681 - __main__ - DEBUG - Đang chạy ở chế độ DEBUG
2025-03-25 04:20:22,697 - __main__ - INFO - Bắt đầu ứng dụng chính
2025-03-25 04:20:22,794 - h5py._conv - DEBUG - Creating converter from 7 to 5
2025-03-25 04:20:22,794 - h5py._conv - DEBUG - Creating converter from 5 to 7
2025-03-25 04:20:22,794 - h5py._conv - DEBUG - Creating converter from 7 to 5
2025-03-25 04:20:22,795 - h5py._conv - DEBUG - Creating converter from 5 to 7
2025-03-25 04:20:22,935 - matplotlib - DEBUG - CACHEDIR=C:\Users\ROG\.matplotlib
2025-03-25 04:20:22,935 - matplotlib.font_manager - DEBUG - Using fontManager instance from C:\Users\ROG\.matplotlib\fontlist-v390.json
2025-03-25 04:20:25,992 - tensorflow - DEBUG - Falling back to TensorFlow client; we recommended you install the Cloud TPU client directly with pip install cloud-tpu-client.
2025-03-25 04:20:31,814 - quangtps.segmentation.auto.model_repository - INFO - Đã tải thông tin về 0 mô hình cục bộ
2025-03-25 04:20:31,866 - root - WARNING - WeasyPrint không khả dụng. Báo cáo PDF sẽ bị hạn chế chức năng.
2025-03-25 04:20:31,898 - matplotlib.pyplot - DEBUG - Loaded backend Qt5Agg version 5.15.11.
2025-03-25 04:20:31,918 - root - WARNING - PyQt5.QtDataVisualization không khả dụng. Chức năng 3D sẽ bị giới hạn.
2025-03-25 04:20:33,000 - quangtps.database.db_connector - INFO - Đã kết nối đến cơ sở dữ liệu: E:\hoctap\QuangTPS\data\database\quangtps.db
2025-03-25 04:20:33,454 - quangtps.database.patient_db - INFO - Đã lấy danh sách 0 bệnh nhân
2025-03-25 04:20:33,465 - quangtps.dicom.pacs_client - WARNING - Không thể thêm context: Abstract Syntax: Repository Query
Transfer Syntax(es):
    =Implicit VR Little Endian
    =Explicit VR Little Endian
    =Deflated Explicit VR Little Endian
    =Explicit VR Big Endian
2025-03-25 04:20:33,465 - quangtps.dicom.pacs_client - WARNING - Không thể thêm context: Abstract Syntax: Patient Root Query/Retrieve Information Model - FIND
Transfer Syntax(es):
    =Implicit VR Little Endian
    =Explicit VR Little Endian
    =Deflated Explicit VR Little Endian
    =Explicit VR Big Endian
2025-03-25 04:20:33,466 - quangtps.dicom.pacs_client - WARNING - Không thể thêm context: Abstract Syntax: Patient Root Query/Retrieve Information Model - MOVE
Transfer Syntax(es):
    =Implicit VR Little Endian
    =Explicit VR Little Endian
    =Deflated Explicit VR Little Endian
    =Explicit VR Big Endian
2025-03-25 04:20:33,467 - quangtps.dicom.pacs_client - WARNING - Không thể thêm context: Abstract Syntax: Patient Root Query/Retrieve Information Model - GET
Transfer Syntax(es):
    =Implicit VR Little Endian
    =Explicit VR Little Endian
    =Deflated Explicit VR Little Endian
    =Explicit VR Big Endian
2025-03-25 04:20:33,467 - quangtps.dicom.pacs_client - WARNING - Không thể thêm context: Abstract Syntax: Study Root Query/Retrieve Information Model - FIND
Transfer Syntax(es):
    =Implicit VR Little Endian
    =Explicit VR Little Endian
    =Deflated Explicit VR Little Endian
    =Explicit VR Big Endian
2025-03-25 04:20:33,467 - quangtps.dicom.pacs_client - WARNING - Không thể thêm context: Abstract Syntax: Study Root Query/Retrieve Information Model - MOVE
Transfer Syntax(es):
    =Implicit VR Little Endian
    =Explicit VR Little Endian
    =Deflated Explicit VR Little Endian
    =Explicit VR Big Endian
2025-03-25 04:20:33,468 - quangtps.dicom.pacs_client - WARNING - Không thể thêm context: Abstract Syntax: Study Root Query/Retrieve Information Model - GET
Transfer Syntax(es):
    =Implicit VR Little Endian
    =Explicit VR Little Endian
    =Deflated Explicit VR Little Endian
    =Explicit VR Big Endian
2025-03-25 04:20:33,468 - quangtps.dicom.pacs_client - WARNING - Không thể thêm context: Abstract Syntax: Patient/Study Only Query/Retrieve Information Model - FIND
Transfer Syntax(es):
    =Implicit VR Little Endian
    =Explicit VR Little Endian
    =Deflated Explicit VR Little Endian
    =Explicit VR Big Endian
2025-03-25 04:20:33,468 - quangtps.dicom.pacs_client - WARNING - Không thể thêm context: Abstract Syntax: Patient/Study Only Query/Retrieve Information Model - MOVE
Transfer Syntax(es):
    =Implicit VR Little Endian
    =Explicit VR Little Endian
    =Deflated Explicit VR Little Endian
    =Explicit VR Big Endian
2025-03-25 04:20:33,468 - quangtps.dicom.pacs_client - WARNING - Không thể thêm context: Abstract Syntax: Patient/Study Only Query/Retrieve Information Model - GET
Transfer Syntax(es):
    =Implicit VR Little Endian
    =Explicit VR Little Endian
    =Deflated Explicit VR Little Endian
    =Explicit VR Big Endian
2025-03-25 04:20:33,469 - quangtps.dicom.pacs_client - WARNING - Không thể thêm context: Abstract Syntax: Composite Instance Root Retrieve - MOVE
Transfer Syntax(es):
    =Implicit VR Little Endian
    =Explicit VR Little Endian
    =Deflated Explicit VR Little Endian
    =Explicit VR Big Endian
2025-03-25 04:20:33,469 - quangtps.dicom.pacs_client - WARNING - Không thể thêm context: Abstract Syntax: Composite Instance Root Retrieve - GET
Transfer Syntax(es):
    =Implicit VR Little Endian
    =Explicit VR Little Endian
    =Deflated Explicit VR Little Endian
    =Explicit VR Big Endian
2025-03-25 04:20:33,469 - quangtps.dicom.pacs_client - WARNING - Không thể thêm context: Abstract Syntax: Composite Instance Retrieve Without Bulk Data - GET
Transfer Syntax(es):
    =Implicit VR Little Endian
    =Explicit VR Little Endian
    =Deflated Explicit VR Little Endian
    =Explicit VR Big Endian
2025-03-25 04:20:33,469 - quangtps.dicom.pacs_client - WARNING - Không thể thêm context: Abstract Syntax: Computed Radiography Image Storage
Transfer Syntax(es):
    =Implicit VR Little Endian
    =Explicit VR Little Endian
    =Deflated Explicit VR Little Endian
    =Explicit VR Big Endian
2025-03-25 04:20:33,469 - quangtps.dicom.pacs_client - WARNING - Không thể thêm context: Abstract Syntax: Encapsulated PDF Storage
Transfer Syntax(es):
    =Implicit VR Little Endian
    =Explicit VR Little Endian
    =Deflated Explicit VR Little Endian
    =Explicit VR Big Endian
2025-03-25 04:20:33,471 - quangtps.dicom.pacs_client - WARNING - Không thể thêm context: Abstract Syntax: Encapsulated CDA Storage
Transfer Syntax(es):
    =Implicit VR Little Endian
    =Explicit VR Little Endian
    =Deflated Explicit VR Little Endian
    =Explicit VR Big Endian
2025-03-25 04:20:33,471 - quangtps.dicom.pacs_client - WARNING - Không thể thêm context: Abstract Syntax: Encapsulated STL Storage
Transfer Syntax(es):
    =Implicit VR Little Endian
    =Explicit VR Little Endian
    =Deflated Explicit VR Little Endian
    =Explicit VR Big Endian
2025-03-25 04:20:33,472 - quangtps.dicom.pacs_client - WARNING - Không thể thêm context: Abstract Syntax: Encapsulated OBJ Storage
Transfer Syntax(es):
    =Implicit VR Little Endian
    =Explicit VR Little Endian
    =Deflated Explicit VR Little Endian
    =Explicit VR Big Endian
2025-03-25 04:20:33,472 - quangtps.dicom.pacs_client - WARNING - Không thể thêm context: Abstract Syntax: Encapsulated MTL Storage
Transfer Syntax(es):
    =Implicit VR Little Endian
    =Explicit VR Little Endian
    =Deflated Explicit VR Little Endian
    =Explicit VR Big Endian
2025-03-25 04:20:33,473 - quangtps.dicom.pacs_client - WARNING - Không thể thêm context: Abstract Syntax: X-Ray Angiographic Image Storage
Transfer Syntax(es):
    =Implicit VR Little Endian
    =Explicit VR Little Endian
    =Deflated Explicit VR Little Endian
    =Explicit VR Big Endian
2025-03-25 04:20:33,473 - quangtps.dicom.pacs_client - WARNING - Không thể thêm context: Abstract Syntax: Enhanced XA Image Storage
Transfer Syntax(es):
    =Implicit VR Little Endian
    =Explicit VR Little Endian
    =Deflated Explicit VR Little Endian
    =Explicit VR Big Endian
2025-03-25 04:20:33,474 - quangtps.dicom.pacs_client - WARNING - Không thể thêm context: Abstract Syntax: X-Ray Radiofluoroscopic Image Storage
Transfer Syntax(es):
    =Implicit VR Little Endian
    =Explicit VR Little Endian
    =Deflated Explicit VR Little Endian
    =Explicit VR Big Endian
2025-03-25 04:20:33,474 - quangtps.dicom.pacs_client - WARNING - Không thể thêm context: Abstract Syntax: Enhanced XRF Image Storage
Transfer Syntax(es):
    =Implicit VR Little Endian
    =Explicit VR Little Endian
    =Deflated Explicit VR Little Endian
    =Explicit VR Big Endian
2025-03-25 04:20:33,474 - quangtps.dicom.pacs_client - WARNING - Không thể thêm context: Abstract Syntax: Positron Emission Tomography Image Storage
Transfer Syntax(es):
    =Implicit VR Little Endian
    =Explicit VR Little Endian
    =Deflated Explicit VR Little Endian
    =Explicit VR Big Endian
2025-03-25 04:20:33,474 - quangtps.dicom.pacs_client - WARNING - Không thể thêm context: Abstract Syntax: X-Ray 3D Angiographic Image Storage
Transfer Syntax(es):
    =Implicit VR Little Endian
    =Explicit VR Little Endian
    =Deflated Explicit VR Little Endian
    =Explicit VR Big Endian
2025-03-25 04:20:33,474 - quangtps.dicom.pacs_client - WARNING - Không thể thêm context: Abstract Syntax: X-Ray 3D Craniofacial Image Storage
Transfer Syntax(es):
    =Implicit VR Little Endian
    =Explicit VR Little Endian
    =Deflated Explicit VR Little Endian
    =Explicit VR Big Endian
2025-03-25 04:20:33,475 - quangtps.dicom.pacs_client - WARNING - Không thể thêm context: Abstract Syntax: Breast Tomosynthesis Image Storage
Transfer Syntax(es):
    =Implicit VR Little Endian
    =Explicit VR Little Endian
    =Deflated Explicit VR Little Endian
    =Explicit VR Big Endian
2025-03-25 04:20:33,475 - quangtps.dicom.pacs_client - WARNING - Không thể thêm context: Abstract Syntax: Enhanced PET Image Storage
Transfer Syntax(es):
    =Implicit VR Little Endian
    =Explicit VR Little Endian
    =Deflated Explicit VR Little Endian
    =Explicit VR Big Endian
2025-03-25 04:20:33,475 - quangtps.dicom.pacs_client - WARNING - Không thể thêm context: Abstract Syntax: CT Image Storage
Transfer Syntax(es):
    =Implicit VR Little Endian
    =Explicit VR Little Endian
    =Deflated Explicit VR Little Endian
    =Explicit VR Big Endian
2025-03-25 04:20:33,475 - quangtps.dicom.pacs_client - WARNING - Không thể thêm context: Abstract Syntax: Enhanced CT Image Storage
Transfer Syntax(es):
    =Implicit VR Little Endian
    =Explicit VR Little Endian
    =Deflated Explicit VR Little Endian
    =Explicit VR Big Endian
2025-03-25 04:20:33,476 - quangtps.dicom.pacs_client - WARNING - Không thể thêm context: Abstract Syntax: Nuclear Medicine Image Storage
Transfer Syntax(es):
    =Implicit VR Little Endian
    =Explicit VR Little Endian
    =Deflated Explicit VR Little Endian
    =Explicit VR Big Endian
2025-03-25 04:20:33,476 - quangtps.dicom.pacs_client - WARNING - Không thể thêm context: Abstract Syntax: Ultrasound Multi-frame Image Storage
Transfer Syntax(es):
    =Implicit VR Little Endian
    =Explicit VR Little Endian
    =Deflated Explicit VR Little Endian
    =Explicit VR Big Endian
2025-03-25 04:20:33,476 - quangtps.dicom.pacs_client - WARNING - Không thể thêm context: Abstract Syntax: Parametric Map Storage
Transfer Syntax(es):
    =Implicit VR Little Endian
    =Explicit VR Little Endian
    =Deflated Explicit VR Little Endian
    =Explicit VR Big Endian
2025-03-25 04:20:33,476 - quangtps.dicom.pacs_client - WARNING - Không thể thêm context: Abstract Syntax: MR Image Storage
Transfer Syntax(es):
    =Implicit VR Little Endian
    =Explicit VR Little Endian
    =Deflated Explicit VR Little Endian
    =Explicit VR Big Endian
2025-03-25 04:20:33,476 - quangtps.dicom.pacs_client - WARNING - Không thể thêm context: Abstract Syntax: Enhanced MR Image Storage
Transfer Syntax(es):
    =Implicit VR Little Endian
    =Explicit VR Little Endian
    =Deflated Explicit VR Little Endian
    =Explicit VR Big Endian
2025-03-25 04:20:33,476 - quangtps.dicom.pacs_client - WARNING - Không thể thêm context: Abstract Syntax: MR Spectroscopy Storage
Transfer Syntax(es):
    =Implicit VR Little Endian
    =Explicit VR Little Endian
    =Deflated Explicit VR Little Endian
    =Explicit VR Big Endian
2025-03-25 04:20:33,478 - quangtps.dicom.pacs_client - WARNING - Không thể thêm context: Abstract Syntax: Enhanced MR Color Image Storage
Transfer Syntax(es):
    =Implicit VR Little Endian
    =Explicit VR Little Endian
    =Deflated Explicit VR Little Endian
    =Explicit VR Big Endian
2025-03-25 04:20:33,478 - quangtps.dicom.pacs_client - WARNING - Không thể thêm context: Abstract Syntax: RT Image Storage
Transfer Syntax(es):
    =Implicit VR Little Endian
    =Explicit VR Little Endian
    =Deflated Explicit VR Little Endian
    =Explicit VR Big Endian
2025-03-25 04:20:33,478 - quangtps.dicom.pacs_client - WARNING - Không thể thêm context: Abstract Syntax: RT Physician Intent Storage
Transfer Syntax(es):
    =Implicit VR Little Endian
    =Explicit VR Little Endian
    =Deflated Explicit VR Little Endian
    =Explicit VR Big Endian
2025-03-25 04:20:33,479 - quangtps.dicom.pacs_client - WARNING - Không thể thêm context: Abstract Syntax: RT Segment Annotation Storage
Transfer Syntax(es):
    =Implicit VR Little Endian
    =Explicit VR Little Endian
    =Deflated Explicit VR Little Endian
    =Explicit VR Big Endian
2025-03-25 04:20:33,479 - quangtps.dicom.pacs_client - WARNING - Không thể thêm context: Abstract Syntax: RT Radiation Set Storage
Transfer Syntax(es):
    =Implicit VR Little Endian
    =Explicit VR Little Endian
    =Deflated Explicit VR Little Endian
    =Explicit VR Big Endian
2025-03-25 04:20:33,479 - quangtps.dicom.pacs_client - WARNING - Không thể thêm context: Abstract Syntax: C-Arm Photon-Electron Radiation Storage
Transfer Syntax(es):
    =Implicit VR Little Endian
    =Explicit VR Little Endian
    =Deflated Explicit VR Little Endian
    =Explicit VR Big Endian
2025-03-25 04:20:33,480 - quangtps.dicom.pacs_client - WARNING - Không thể thêm context: Abstract Syntax: Tomotherapeutic Radiation Storage
Transfer Syntax(es):
    =Implicit VR Little Endian
    =Explicit VR Little Endian
    =Deflated Explicit VR Little Endian
    =Explicit VR Big Endian
2025-03-25 04:20:33,480 - quangtps.dicom.pacs_client - WARNING - Không thể thêm context: Abstract Syntax: Robotic-Arm Radiation Storage
Transfer Syntax(es):
    =Implicit VR Little Endian
    =Explicit VR Little Endian
    =Deflated Explicit VR Little Endian
    =Explicit VR Big Endian
2025-03-25 04:20:33,480 - quangtps.dicom.pacs_client - WARNING - Không thể thêm context: Abstract Syntax: Tomotherapeutic Radiation Record Storage
Transfer Syntax(es):
    =Implicit VR Little Endian
    =Explicit VR Little Endian
    =Deflated Explicit VR Little Endian
    =Explicit VR Big Endian
2025-03-25 04:20:33,481 - quangtps.dicom.pacs_client - WARNING - Không thể thêm context: Abstract Syntax: C-Arm Photon-Electron Radiation Record Storage
Transfer Syntax(es):
    =Implicit VR Little Endian
    =Explicit VR Little Endian
    =Deflated Explicit VR Little Endian
    =Explicit VR Big Endian
2025-03-25 04:20:33,481 - quangtps.dicom.pacs_client - WARNING - Không thể thêm context: Abstract Syntax: RT Dose Storage
Transfer Syntax(es):
    =Implicit VR Little Endian
    =Explicit VR Little Endian
    =Deflated Explicit VR Little Endian
    =Explicit VR Big Endian
2025-03-25 04:20:33,481 - quangtps.dicom.pacs_client - WARNING - Không thể thêm context: Abstract Syntax: Robotic Radiation Record Storage
Transfer Syntax(es):
    =Implicit VR Little Endian
    =Explicit VR Little Endian
    =Deflated Explicit VR Little Endian
    =Explicit VR Big Endian
2025-03-25 04:20:33,481 - quangtps.dicom.pacs_client - WARNING - Không thể thêm context: Abstract Syntax: RT Radiation Set Delivery Instruction Storage
Transfer Syntax(es):
    =Implicit VR Little Endian
    =Explicit VR Little Endian
    =Deflated Explicit VR Little Endian
    =Explicit VR Big Endian
2025-03-25 04:20:33,481 - quangtps.dicom.pacs_client - WARNING - Không thể thêm context: Abstract Syntax: RT Treatment Preparation Storage
Transfer Syntax(es):
    =Implicit VR Little Endian
    =Explicit VR Little Endian
    =Deflated Explicit VR Little Endian
    =Explicit VR Big Endian
2025-03-25 04:20:33,482 - quangtps.dicom.pacs_client - WARNING - Không thể thêm context: Abstract Syntax: Enhanced RT Image Storage
Transfer Syntax(es):
    =Implicit VR Little Endian
    =Explicit VR Little Endian
    =Deflated Explicit VR Little Endian
    =Explicit VR Big Endian
2025-03-25 04:20:33,482 - quangtps.dicom.pacs_client - WARNING - Không thể thêm context: Abstract Syntax: Enhanced Continuous RT Image Storage
Transfer Syntax(es):
    =Implicit VR Little Endian
    =Explicit VR Little Endian
    =Deflated Explicit VR Little Endian
    =Explicit VR Big Endian
2025-03-25 04:20:33,482 - quangtps.dicom.pacs_client - WARNING - Không thể thêm context: Abstract Syntax: RT Patient Position Acquisition Instruction Storage
Transfer Syntax(es):
    =Implicit VR Little Endian
    =Explicit VR Little Endian
    =Deflated Explicit VR Little Endian
    =Explicit VR Big Endian
2025-03-25 04:20:33,482 - quangtps.dicom.pacs_client - WARNING - Không thể thêm context: Abstract Syntax: RT Structure Set Storage
Transfer Syntax(es):
    =Implicit VR Little Endian
    =Explicit VR Little Endian
    =Deflated Explicit VR Little Endian
    =Explicit VR Big Endian
2025-03-25 04:20:33,482 - quangtps.dicom.pacs_client - WARNING - Không thể thêm context: Abstract Syntax: RT Beams Treatment Record Storage
Transfer Syntax(es):
    =Implicit VR Little Endian
    =Explicit VR Little Endian
    =Deflated Explicit VR Little Endian
    =Explicit VR Big Endian
2025-03-25 04:20:33,482 - quangtps.dicom.pacs_client - WARNING - Không thể thêm context: Abstract Syntax: RT Plan Storage
Transfer Syntax(es):
    =Implicit VR Little Endian
    =Explicit VR Little Endian
    =Deflated Explicit VR Little Endian
    =Explicit VR Big Endian
2025-03-25 04:20:33,483 - quangtps.dicom.pacs_client - WARNING - Không thể thêm context: Abstract Syntax: RT Brachy Treatment Record Storage
Transfer Syntax(es):
    =Implicit VR Little Endian
    =Explicit VR Little Endian
    =Deflated Explicit VR Little Endian
    =Explicit VR Big Endian
2025-03-25 04:20:33,483 - quangtps.dicom.pacs_client - WARNING - Không thể thêm context: Abstract Syntax: RT Treatment Summary Record Storage
Transfer Syntax(es):
    =Implicit VR Little Endian
    =Explicit VR Little Endian
    =Deflated Explicit VR Little Endian
    =Explicit VR Big Endian
2025-03-25 04:20:33,483 - quangtps.dicom.pacs_client - WARNING - Không thể thêm context: Abstract Syntax: RT Ion Plan Storage
Transfer Syntax(es):
    =Implicit VR Little Endian
    =Explicit VR Little Endian
    =Deflated Explicit VR Little Endian
    =Explicit VR Big Endian
2025-03-25 04:20:33,483 - quangtps.dicom.pacs_client - WARNING - Không thể thêm context: Abstract Syntax: RT Ion Beams Treatment Record Storage
Transfer Syntax(es):
    =Implicit VR Little Endian
    =Explicit VR Little Endian
    =Deflated Explicit VR Little Endian
    =Explicit VR Big Endian
2025-03-25 04:20:33,483 - quangtps.dicom.pacs_client - WARNING - Không thể thêm context: Abstract Syntax: Ultrasound Image Storage
Transfer Syntax(es):
    =Implicit VR Little Endian
    =Explicit VR Little Endian
    =Deflated Explicit VR Little Endian
    =Explicit VR Big Endian
2025-03-25 04:20:33,484 - quangtps.dicom.pacs_client - WARNING - Không thể thêm context: Abstract Syntax: Enhanced US Volume Storage
Transfer Syntax(es):
    =Implicit VR Little Endian
    =Explicit VR Little Endian
    =Deflated Explicit VR Little Endian
    =Explicit VR Big Endian
2025-03-25 04:20:33,484 - quangtps.dicom.pacs_client - WARNING - Không thể thêm context: Abstract Syntax: 1.2.840.10008.5.1.4.1.1.6.3
Transfer Syntax(es):
    =Implicit VR Little Endian
    =Explicit VR Little Endian
    =Deflated Explicit VR Little Endian
    =Explicit VR Big Endian
2025-03-25 04:20:33,484 - quangtps.dicom.pacs_client - WARNING - Không thể thêm context: Abstract Syntax: Raw Data Storage
Transfer Syntax(es):
    =Implicit VR Little Endian
    =Explicit VR Little Endian
    =Deflated Explicit VR Little Endian
    =Explicit VR Big Endian
2025-03-25 04:20:33,484 - quangtps.dicom.pacs_client - WARNING - Không thể thêm context: Abstract Syntax: Spatial Registration Storage
Transfer Syntax(es):
    =Implicit VR Little Endian
    =Explicit VR Little Endian
    =Deflated Explicit VR Little Endian
    =Explicit VR Big Endian
2025-03-25 04:20:33,485 - quangtps.dicom.pacs_client - WARNING - Không thể thêm context: Abstract Syntax: Spatial Fiducials Storage
Transfer Syntax(es):
    =Implicit VR Little Endian
    =Explicit VR Little Endian
    =Deflated Explicit VR Little Endian
    =Explicit VR Big Endian
2025-03-25 04:20:33,485 - quangtps.dicom.pacs_client - WARNING - Không thể thêm context: Abstract Syntax: Deformable Spatial Registration Storage
Transfer Syntax(es):
    =Implicit VR Little Endian
    =Explicit VR Little Endian
    =Deflated Explicit VR Little Endian
    =Explicit VR Big Endian
2025-03-25 04:20:33,485 - quangtps.dicom.pacs_client - WARNING - Không thể thêm context: Abstract Syntax: Segmentation Storage
Transfer Syntax(es):
    =Implicit VR Little Endian
    =Explicit VR Little Endian
    =Deflated Explicit VR Little Endian
    =Explicit VR Big Endian
2025-03-25 04:20:33,485 - quangtps.dicom.pacs_client - WARNING - Không thể thêm context: Abstract Syntax: Surface Segmentation Storage
Transfer Syntax(es):
    =Implicit VR Little Endian
    =Explicit VR Little Endian
    =Deflated Explicit VR Little Endian
    =Explicit VR Big Endian
2025-03-25 04:20:33,486 - quangtps.dicom.pacs_client - WARNING - Không thể thêm context: Abstract Syntax: Tractography Results Storage
Transfer Syntax(es):
    =Implicit VR Little Endian
    =Explicit VR Little Endian
    =Deflated Explicit VR Little Endian
    =Explicit VR Big Endian
2025-03-25 04:20:33,486 - quangtps.dicom.pacs_client - WARNING - Không thể thêm context: Abstract Syntax: Real World Value Mapping Storage
Transfer Syntax(es):
    =Implicit VR Little Endian
    =Explicit VR Little Endian
    =Deflated Explicit VR Little Endian
    =Explicit VR Big Endian
2025-03-25 04:20:33,486 - quangtps.dicom.pacs_client - WARNING - Không thể thêm context: Abstract Syntax: Surface Scan Mesh Storage
Transfer Syntax(es):
    =Implicit VR Little Endian
    =Explicit VR Little Endian
    =Deflated Explicit VR Little Endian
    =Explicit VR Big Endian
2025-03-25 04:20:33,487 - quangtps.dicom.pacs_client - WARNING - Không thể thêm context: Abstract Syntax: Surface Scan Point Cloud Storage
Transfer Syntax(es):
    =Implicit VR Little Endian
    =Explicit VR Little Endian
    =Deflated Explicit VR Little Endian
    =Explicit VR Big Endian
2025-03-25 04:20:33,487 - quangtps.dicom.pacs_client - WARNING - Không thể thêm context: Abstract Syntax: Secondary Capture Image Storage
Transfer Syntax(es):
    =Implicit VR Little Endian
    =Explicit VR Little Endian
    =Deflated Explicit VR Little Endian
    =Explicit VR Big Endian
2025-03-25 04:20:33,487 - quangtps.dicom.pacs_client - WARNING - Không thể thêm context: Abstract Syntax: Multi-frame Single Bit Secondary Capture Image Storage
Transfer Syntax(es):
    =Implicit VR Little Endian
    =Explicit VR Little Endian
    =Deflated Explicit VR Little Endian
    =Explicit VR Big Endian
2025-03-25 04:20:33,488 - quangtps.dicom.pacs_client - WARNING - Không thể thêm context: Abstract Syntax: Multi-frame Grayscale Byte Secondary Capture Image Storage
Transfer Syntax(es):
    =Implicit VR Little Endian
    =Explicit VR Little Endian
    =Deflated Explicit VR Little Endian
    =Explicit VR Big Endian
2025-03-25 04:20:33,488 - quangtps.dicom.pacs_client - WARNING - Không thể thêm context: Abstract Syntax: Multi-frame Grayscale Word Secondary Capture Image Storage
Transfer Syntax(es):
    =Implicit VR Little Endian
    =Explicit VR Little Endian
    =Deflated Explicit VR Little Endian
    =Explicit VR Big Endian
2025-03-25 04:20:33,488 - quangtps.dicom.pacs_client - WARNING - Không thể thêm context: Abstract Syntax: Multi-frame True Color Secondary Capture Image Storage
Transfer Syntax(es):
    =Implicit VR Little Endian
    =Explicit VR Little Endian
    =Deflated Explicit VR Little Endian
    =Explicit VR Big Endian
2025-03-25 04:20:33,488 - quangtps.dicom.pacs_client - WARNING - Không thể thêm context: Abstract Syntax: VL Endoscopic Image Storage
Transfer Syntax(es):
    =Implicit VR Little Endian
    =Explicit VR Little Endian
    =Deflated Explicit VR Little Endian
    =Explicit VR Big Endian
2025-03-25 04:20:33,488 - quangtps.dicom.pacs_client - WARNING - Không thể thêm context: Abstract Syntax: Video Endoscopic Image Storage
Transfer Syntax(es):
    =Implicit VR Little Endian
    =Explicit VR Little Endian
    =Deflated Explicit VR Little Endian
    =Explicit VR Big Endian
2025-03-25 04:20:33,488 - quangtps.dicom.pacs_client - WARNING - Không thể thêm context: Abstract Syntax: VL Microscopic Image Storage
Transfer Syntax(es):
    =Implicit VR Little Endian
    =Explicit VR Little Endian
    =Deflated Explicit VR Little Endian
    =Explicit VR Big Endian
2025-03-25 04:20:33,488 - quangtps.dicom.pacs_client - WARNING - Không thể thêm context: Abstract Syntax: Video Microscopic Image Storage
Transfer Syntax(es):
    =Implicit VR Little Endian
    =Explicit VR Little Endian
    =Deflated Explicit VR Little Endian
    =Explicit VR Big Endian
2025-03-25 04:20:33,489 - quangtps.dicom.pacs_client - WARNING - Không thể thêm context: Abstract Syntax: VL Slide-Coordinates Microscopic Image Storage
Transfer Syntax(es):
    =Implicit VR Little Endian
    =Explicit VR Little Endian
    =Deflated Explicit VR Little Endian
    =Explicit VR Big Endian
2025-03-25 04:20:33,489 - quangtps.dicom.pacs_client - WARNING - Không thể thêm context: Abstract Syntax: VL Photographic Image Storage
Transfer Syntax(es):
    =Implicit VR Little Endian
    =Explicit VR Little Endian
    =Deflated Explicit VR Little Endian
    =Explicit VR Big Endian
2025-03-25 04:20:33,489 - quangtps.dicom.pacs_client - WARNING - Không thể thêm context: Abstract Syntax: Video Photographic Image Storage
Transfer Syntax(es):
    =Implicit VR Little Endian
    =Explicit VR Little Endian
    =Deflated Explicit VR Little Endian
    =Explicit VR Big Endian
2025-03-25 04:20:33,489 - quangtps.dicom.pacs_client - WARNING - Không thể thêm context: Abstract Syntax: Ophthalmic Photography 8 Bit Image Storage
Transfer Syntax(es):
    =Implicit VR Little Endian
    =Explicit VR Little Endian
    =Deflated Explicit VR Little Endian
    =Explicit VR Big Endian
2025-03-25 04:20:33,489 - quangtps.dicom.pacs_client - WARNING - Không thể thêm context: Abstract Syntax: Ophthalmic Photography 16 Bit Image Storage
Transfer Syntax(es):
    =Implicit VR Little Endian
    =Explicit VR Little Endian
    =Deflated Explicit VR Little Endian
    =Explicit VR Big Endian
2025-03-25 04:20:33,490 - quangtps.dicom.pacs_client - WARNING - Không thể thêm context: Abstract Syntax: Stereometric Relationship Storage
Transfer Syntax(es):
    =Implicit VR Little Endian
    =Explicit VR Little Endian
    =Deflated Explicit VR Little Endian
    =Explicit VR Big Endian
2025-03-25 04:20:33,490 - quangtps.dicom.pacs_client - WARNING - Không thể thêm context: Abstract Syntax: Ophthalmic Tomography Image Storage
Transfer Syntax(es):
    =Implicit VR Little Endian
    =Explicit VR Little Endian
    =Deflated Explicit VR Little Endian
    =Explicit VR Big Endian
2025-03-25 04:20:33,490 - quangtps.dicom.pacs_client - WARNING - Không thể thêm context: Abstract Syntax: Wide Field Ophthalmic Photography Stereographic Projection Image Storage
Transfer Syntax(es):
    =Implicit VR Little Endian
    =Explicit VR Little Endian
    =Deflated Explicit VR Little Endian
    =Explicit VR Big Endian
2025-03-25 04:20:33,490 - quangtps.dicom.pacs_client - WARNING - Không thể thêm context: Abstract Syntax: Wide Field Ophthalmic Photography 3D Coordinates Image Storage
Transfer Syntax(es):
    =Implicit VR Little Endian
    =Explicit VR Little Endian
    =Deflated Explicit VR Little Endian
    =Explicit VR Big Endian
2025-03-25 04:20:33,492 - quangtps.dicom.pacs_client - WARNING - Không thể thêm context: Abstract Syntax: Ophthalmic Optical Coherence Tomography En Face Image Storage
Transfer Syntax(es):
    =Implicit VR Little Endian
    =Explicit VR Little Endian
    =Deflated Explicit VR Little Endian
    =Explicit VR Big Endian
2025-03-25 04:20:33,492 - quangtps.dicom.pacs_client - WARNING - Không thể thêm context: Abstract Syntax: Ophthalmic Optical Coherence Tomography B-scan Volume Analysis Storage
Transfer Syntax(es):
    =Implicit VR Little Endian
    =Explicit VR Little Endian
    =Deflated Explicit VR Little Endian
    =Explicit VR Big Endian
2025-03-25 04:20:33,492 - quangtps.dicom.pacs_client - WARNING - Không thể thêm context: Abstract Syntax: VL Whole Slide Microscopy Image Storage
Transfer Syntax(es):
    =Implicit VR Little Endian
    =Explicit VR Little Endian
    =Deflated Explicit VR Little Endian
    =Explicit VR Big Endian
2025-03-25 04:20:33,492 - quangtps.dicom.pacs_client - WARNING - Không thể thêm context: Abstract Syntax: Dermoscopic Photography Image Storage
Transfer Syntax(es):
    =Implicit VR Little Endian
    =Explicit VR Little Endian
    =Deflated Explicit VR Little Endian
    =Explicit VR Big Endian
2025-03-25 04:20:33,493 - quangtps.dicom.pacs_client - WARNING - Không thể thêm context: Abstract Syntax: Lensometry Measurements Storage
Transfer Syntax(es):
    =Implicit VR Little Endian
    =Explicit VR Little Endian
    =Deflated Explicit VR Little Endian
    =Explicit VR Big Endian
2025-03-25 04:20:33,493 - quangtps.dicom.pacs_client - WARNING - Không thể thêm context: Abstract Syntax: Autorefraction Measurements Storage
Transfer Syntax(es):
    =Implicit VR Little Endian
    =Explicit VR Little Endian
    =Deflated Explicit VR Little Endian
    =Explicit VR Big Endian
2025-03-25 04:20:33,493 - quangtps.dicom.pacs_client - WARNING - Không thể thêm context: Abstract Syntax: Keratometry Measurements Storage
Transfer Syntax(es):
    =Implicit VR Little Endian
    =Explicit VR Little Endian
    =Deflated Explicit VR Little Endian
    =Explicit VR Big Endian
2025-03-25 04:20:33,494 - quangtps.dicom.pacs_client - WARNING - Không thể thêm context: Abstract Syntax: Subjective Refraction Measurements Storage
Transfer Syntax(es):
    =Implicit VR Little Endian
    =Explicit VR Little Endian
    =Deflated Explicit VR Little Endian
    =Explicit VR Big Endian
2025-03-25 04:20:33,494 - quangtps.dicom.pacs_client - WARNING - Không thể thêm context: Abstract Syntax: Visual Acuity Measurements Storage
Transfer Syntax(es):
    =Implicit VR Little Endian
    =Explicit VR Little Endian
    =Deflated Explicit VR Little Endian
    =Explicit VR Big Endian
2025-03-25 04:20:33,494 - quangtps.dicom.pacs_client - WARNING - Không thể thêm context: Abstract Syntax: Spectacle Prescription Report Storage
Transfer Syntax(es):
    =Implicit VR Little Endian
    =Explicit VR Little Endian
    =Deflated Explicit VR Little Endian
    =Explicit VR Big Endian
2025-03-25 04:20:33,495 - quangtps.dicom.pacs_client - WARNING - Không thể thêm context: Abstract Syntax: Ophthalmic Axial Measurements Storage
Transfer Syntax(es):
    =Implicit VR Little Endian
    =Explicit VR Little Endian
    =Deflated Explicit VR Little Endian
    =Explicit VR Big Endian
2025-03-25 04:20:33,495 - quangtps.dicom.pacs_client - WARNING - Không thể thêm context: Abstract Syntax: Intraocular Lens Calculations Storage
Transfer Syntax(es):
    =Implicit VR Little Endian
    =Explicit VR Little Endian
    =Deflated Explicit VR Little Endian
    =Explicit VR Big Endian
2025-03-25 04:20:33,495 - quangtps.dicom.pacs_client - WARNING - Không thể thêm context: Abstract Syntax: Macular Grid Thickness and Volume Report Storage
Transfer Syntax(es):
    =Implicit VR Little Endian
    =Explicit VR Little Endian
    =Deflated Explicit VR Little Endian
    =Explicit VR Big Endian
2025-03-25 04:20:33,495 - quangtps.dicom.pacs_client - WARNING - Không thể thêm context: Abstract Syntax: Ophthalmic Visual Field Static Perimetry Measurements Storage
Transfer Syntax(es):
    =Implicit VR Little Endian
    =Explicit VR Little Endian
    =Deflated Explicit VR Little Endian
    =Explicit VR Big Endian
2025-03-25 04:20:33,495 - quangtps.dicom.pacs_client - WARNING - Không thể thêm context: Abstract Syntax: Ophthalmic Thickness Map Storage
Transfer Syntax(es):
    =Implicit VR Little Endian
    =Explicit VR Little Endian
    =Deflated Explicit VR Little Endian
    =Explicit VR Big Endian
2025-03-25 04:20:33,495 - quangtps.dicom.pacs_client - WARNING - Không thể thêm context: Abstract Syntax: Corneal Topography Map Storage
Transfer Syntax(es):
    =Implicit VR Little Endian
    =Explicit VR Little Endian
    =Deflated Explicit VR Little Endian
    =Explicit VR Big Endian
2025-03-25 04:20:33,496 - quangtps.dicom.pacs_client - WARNING - Không thể thêm context: Abstract Syntax: Basic Text SR Storage
Transfer Syntax(es):
    =Implicit VR Little Endian
    =Explicit VR Little Endian
    =Deflated Explicit VR Little Endian
    =Explicit VR Big Endian
2025-03-25 04:20:33,496 - quangtps.dicom.pacs_client - WARNING - Không thể thêm context: Abstract Syntax: Enhanced SR Storage
Transfer Syntax(es):
    =Implicit VR Little Endian
    =Explicit VR Little Endian
    =Deflated Explicit VR Little Endian
    =Explicit VR Big Endian
2025-03-25 04:20:33,496 - quangtps.dicom.pacs_client - WARNING - Không thể thêm context: Abstract Syntax: Comprehensive SR Storage
Transfer Syntax(es):
    =Implicit VR Little Endian
    =Explicit VR Little Endian
    =Deflated Explicit VR Little Endian
    =Explicit VR Big Endian
2025-03-25 04:20:33,496 - quangtps.dicom.pacs_client - WARNING - Không thể thêm context: Abstract Syntax: Comprehensive 3D SR Storage
Transfer Syntax(es):
    =Implicit VR Little Endian
    =Explicit VR Little Endian
    =Deflated Explicit VR Little Endian
    =Explicit VR Big Endian
2025-03-25 04:20:33,496 - quangtps.dicom.pacs_client - WARNING - Không thể thêm context: Abstract Syntax: Extensible SR Storage
Transfer Syntax(es):
    =Implicit VR Little Endian
    =Explicit VR Little Endian
    =Deflated Explicit VR Little Endian
    =Explicit VR Big Endian
2025-03-25 04:20:33,497 - quangtps.dicom.pacs_client - WARNING - Không thể thêm context: Abstract Syntax: Mammography CAD SR Storage
Transfer Syntax(es):
    =Implicit VR Little Endian
    =Explicit VR Little Endian
    =Deflated Explicit VR Little Endian
    =Explicit VR Big Endian
2025-03-25 04:20:33,497 - quangtps.dicom.pacs_client - WARNING - Không thể thêm context: Abstract Syntax: Chest CAD SR Storage
Transfer Syntax(es):
    =Implicit VR Little Endian
    =Explicit VR Little Endian
    =Deflated Explicit VR Little Endian
    =Explicit VR Big Endian
2025-03-25 04:20:33,497 - quangtps.dicom.pacs_client - WARNING - Không thể thêm context: Abstract Syntax: X-Ray Radiation Dose SR Storage
Transfer Syntax(es):
    =Implicit VR Little Endian
    =Explicit VR Little Endian
    =Deflated Explicit VR Little Endian
    =Explicit VR Big Endian
2025-03-25 04:20:33,497 - quangtps.dicom.pacs_client - WARNING - Không thể thêm context: Abstract Syntax: Radiopharmaceutical Radiation Dose SR Storage
Transfer Syntax(es):
    =Implicit VR Little Endian
    =Explicit VR Little Endian
    =Deflated Explicit VR Little Endian
    =Explicit VR Big Endian
2025-03-25 04:20:33,497 - quangtps.dicom.pacs_client - WARNING - Không thể thêm context: Abstract Syntax: Colon CAD SR Storage
Transfer Syntax(es):
    =Implicit VR Little Endian
    =Explicit VR Little Endian
    =Deflated Explicit VR Little Endian
    =Explicit VR Big Endian
2025-03-25 04:20:33,497 - quangtps.dicom.pacs_client - WARNING - Không thể thêm context: Abstract Syntax: Implantation Plan SR Storage
Transfer Syntax(es):
    =Implicit VR Little Endian
    =Explicit VR Little Endian
    =Deflated Explicit VR Little Endian
    =Explicit VR Big Endian
2025-03-25 04:20:33,498 - quangtps.dicom.pacs_client - WARNING - Không thể thêm context: Abstract Syntax: Acquisition Context SR Storage
Transfer Syntax(es):
    =Implicit VR Little Endian
    =Explicit VR Little Endian
    =Deflated Explicit VR Little Endian
    =Explicit VR Big Endian
2025-03-25 04:20:33,498 - quangtps.dicom.pacs_client - WARNING - Không thể thêm context: Abstract Syntax: Simplified Adult Echo SR Storage
Transfer Syntax(es):
    =Implicit VR Little Endian
    =Explicit VR Little Endian
    =Deflated Explicit VR Little Endian
    =Explicit VR Big Endian
2025-03-25 04:20:33,498 - quangtps.dicom.pacs_client - WARNING - Không thể thêm context: Abstract Syntax: Patient Radiation Dose SR Storage
Transfer Syntax(es):
    =Implicit VR Little Endian
    =Explicit VR Little Endian
    =Deflated Explicit VR Little Endian
    =Explicit VR Big Endian
2025-03-25 04:20:33,498 - quangtps.dicom.pacs_client - WARNING - Không thể thêm context: Abstract Syntax: Enhanced X-Ray Radiation Dose SR Storage
Transfer Syntax(es):
    =Implicit VR Little Endian
    =Explicit VR Little Endian
    =Deflated Explicit VR Little Endian
    =Explicit VR Big Endian
2025-03-25 04:20:33,499 - quangtps.dicom.pacs_client - WARNING - Không thể thêm context: Abstract Syntax: 12-lead ECG Waveform Storage
Transfer Syntax(es):
    =Implicit VR Little Endian
    =Explicit VR Little Endian
    =Deflated Explicit VR Little Endian
    =Explicit VR Big Endian
2025-03-25 04:20:33,499 - quangtps.dicom.pacs_client - INFO - Initialized AE with title QUANGTPS and 1 contexts
2025-03-25 04:20:33,516 - quangtps.ui.patient_tab - INFO - Khởi tạo giao diện tab bệnh nhân hoàn tất
2025-03-25 04:20:33,516 - quangtps.ui.patient_tab - INFO - Khởi tạo tab thông tin bệnh nhân hoàn tất
2025-03-25 04:20:33,551 - quangtps.ui.planning_tab - INFO - Khởi tạo tab lập kế hoạch hoàn tất
2025-03-25 04:20:33,564 - matplotlib.font_manager - DEBUG - findfont: Matching sans\-serif:style=normal:variant=normal:weight=normal:stretch=normal:size=10.0.
2025-03-25 04:20:33,565 - matplotlib.font_manager - DEBUG - findfont: score(FontEntry(fname='C:\\Users\\ROG\\.conda\\envs\\quangstation\\Lib\\site-packages\\matplotlib\\mpl-data\\fonts\\ttf\\STIXSizFourSymBol.ttf', name='STIXSizeFourSym', style='normal', variant='normal', weight=700, stretch='normal', size='scalable')) = 10.335
2025-03-25 04:20:33,566 - matplotlib.font_manager - DEBUG - findfont: score(FontEntry(fname='C:\\Users\\ROG\\.conda\\envs\\quangstation\\Lib\\site-packages\\matplotlib\\mpl-data\\fonts\\ttf\\DejaVuSerif.ttf', name='DejaVu Serif', style='normal', variant='normal', weight=400, stretch='normal', size='scalable')) = 10.05
2025-03-25 04:20:33,566 - matplotlib.font_manager - DEBUG - findfont: score(FontEntry(fname='C:\\Users\\ROG\\.conda\\envs\\quangstation\\Lib\\site-packages\\matplotlib\\mpl-data\\fonts\\ttf\\DejaVuSans-Bold.ttf', name='DejaVu Sans', style='normal', variant='normal', weight=700, stretch='normal', size='scalable')) = 0.33499999999999996
2025-03-25 04:20:33,566 - matplotlib.font_manager - DEBUG - findfont: score(FontEntry(fname='C:\\Users\\ROG\\.conda\\envs\\quangstation\\Lib\\site-packages\\matplotlib\\mpl-data\\fonts\\ttf\\cmsy10.ttf', name='cmsy10', style='normal', variant='normal', weight=400, stretch='normal', size='scalable')) = 10.05
2025-03-25 04:20:33,566 - matplotlib.font_manager - DEBUG - findfont: score(FontEntry(fname='C:\\Users\\ROG\\.conda\\envs\\quangstation\\Lib\\site-packages\\matplotlib\\mpl-data\\fonts\\ttf\\STIXSizThreeSymBol.ttf', name='STIXSizeThreeSym', style='normal', variant='normal', weight=700, stretch='normal', size='scalable')) = 10.335
2025-03-25 04:20:33,566 - matplotlib.font_manager - DEBUG - findfont: score(FontEntry(fname='C:\\Users\\ROG\\.conda\\envs\\quangstation\\Lib\\site-packages\\matplotlib\\mpl-data\\fonts\\ttf\\STIXSizTwoSymBol.ttf', name='STIXSizeTwoSym', style='normal', variant='normal', weight=700, stretch='normal', size='scalable')) = 10.335
2025-03-25 04:20:33,568 - matplotlib.font_manager - DEBUG - findfont: score(FontEntry(fname='C:\\Users\\ROG\\.conda\\envs\\quangstation\\Lib\\site-packages\\matplotlib\\mpl-data\\fonts\\ttf\\DejaVuSansMono-Oblique.ttf', name='DejaVu Sans Mono', style='oblique', variant='normal', weight=400, stretch='normal', size='scalable')) = 11.05
2025-03-25 04:20:33,568 - matplotlib.font_manager - DEBUG - findfont: score(FontEntry(fname='C:\\Users\\ROG\\.conda\\envs\\quangstation\\Lib\\site-packages\\matplotlib\\mpl-data\\fonts\\ttf\\DejaVuSans-Oblique.ttf', name='DejaVu Sans', style='oblique', variant='normal', weight=400, stretch='normal', size='scalable')) = 1.05
2025-03-25 04:20:33,569 - matplotlib.font_manager - DEBUG - findfont: score(FontEntry(fname='C:\\Users\\ROG\\.conda\\envs\\quangstation\\Lib\\site-packages\\matplotlib\\mpl-data\\fonts\\ttf\\cmtt10.ttf', name='cmtt10', style='normal', variant='normal', weight=400, stretch='normal', size='scalable')) = 10.05
2025-03-25 04:20:33,569 - matplotlib.font_manager - DEBUG - findfont: score(FontEntry(fname='C:\\Users\\ROG\\.conda\\envs\\quangstation\\Lib\\site-packages\\matplotlib\\mpl-data\\fonts\\ttf\\DejaVuSans.ttf', name='DejaVu Sans', style='normal', variant='normal', weight=400, stretch='normal', size='scalable')) = 0.05
2025-03-25 04:20:33,569 - matplotlib.font_manager - DEBUG - findfont: score(FontEntry(fname='C:\\Users\\ROG\\.conda\\envs\\quangstation\\Lib\\site-packages\\matplotlib\\mpl-data\\fonts\\ttf\\STIXSizOneSymBol.ttf', name='STIXSizeOneSym', style='normal', variant='normal', weight=700, stretch='normal', size='scalable')) = 10.335
2025-03-25 04:20:33,569 - matplotlib.font_manager - DEBUG - findfont: score(FontEntry(fname='C:\\Users\\ROG\\.conda\\envs\\quangstation\\Lib\\site-packages\\matplotlib\\mpl-data\\fonts\\ttf\\DejaVuSans-BoldOblique.ttf', name='DejaVu Sans', style='oblique', variant='normal', weight=700, stretch='normal', size='scalable')) = 1.335
2025-03-25 04:20:33,569 - matplotlib.font_manager - DEBUG - findfont: score(FontEntry(fname='C:\\Users\\ROG\\.conda\\envs\\quangstation\\Lib\\site-packages\\matplotlib\\mpl-data\\fonts\\ttf\\DejaVuSansMono.ttf', name='DejaVu Sans Mono', style='normal', variant='normal', weight=400, stretch='normal', size='scalable')) = 10.05
2025-03-25 04:20:33,569 - matplotlib.font_manager - DEBUG - findfont: score(FontEntry(fname='C:\\Users\\ROG\\.conda\\envs\\quangstation\\Lib\\site-packages\\matplotlib\\mpl-data\\fonts\\ttf\\DejaVuSerifDisplay.ttf', name='DejaVu Serif Display', style='normal', variant='normal', weight=400, stretch='normal', size='scalable')) = 10.05
2025-03-25 04:20:33,569 - matplotlib.font_manager - DEBUG - findfont: score(FontEntry(fname='C:\\Users\\ROG\\.conda\\envs\\quangstation\\Lib\\site-packages\\matplotlib\\mpl-data\\fonts\\ttf\\cmb10.ttf', name='cmb10', style='normal', variant='normal', weight=400, stretch='normal', size='scalable')) = 10.05
2025-03-25 04:20:33,569 - matplotlib.font_manager - DEBUG - findfont: score(FontEntry(fname='C:\\Users\\ROG\\.conda\\envs\\quangstation\\Lib\\site-packages\\matplotlib\\mpl-data\\fonts\\ttf\\STIXGeneral.ttf', name='STIXGeneral', style='normal', variant='normal', weight=400, stretch='normal', size='scalable')) = 10.05
2025-03-25 04:20:33,569 - matplotlib.font_manager - DEBUG - findfont: score(FontEntry(fname='C:\\Users\\ROG\\.conda\\envs\\quangstation\\Lib\\site-packages\\matplotlib\\mpl-data\\fonts\\ttf\\STIXSizFourSymReg.ttf', name='STIXSizeFourSym', style='normal', variant='normal', weight=400, stretch='normal', size='scalable')) = 10.05
2025-03-25 04:20:33,569 - matplotlib.font_manager - DEBUG - findfont: score(FontEntry(fname='C:\\Users\\ROG\\.conda\\envs\\quangstation\\Lib\\site-packages\\matplotlib\\mpl-data\\fonts\\ttf\\STIXGeneralBol.ttf', name='STIXGeneral', style='normal', variant='normal', weight=700, stretch='normal', size='scalable')) = 10.335
2025-03-25 04:20:33,569 - matplotlib.font_manager - DEBUG - findfont: score(FontEntry(fname='C:\\Users\\ROG\\.conda\\envs\\quangstation\\Lib\\site-packages\\matplotlib\\mpl-data\\fonts\\ttf\\STIXGeneralBolIta.ttf', name='STIXGeneral', style='italic', variant='normal', weight=700, stretch='normal', size='scalable')) = 11.335
2025-03-25 04:20:33,569 - matplotlib.font_manager - DEBUG - findfont: score(FontEntry(fname='C:\\Users\\ROG\\.conda\\envs\\quangstation\\Lib\\site-packages\\matplotlib\\mpl-data\\fonts\\ttf\\STIXNonUniIta.ttf', name='STIXNonUnicode', style='italic', variant='normal', weight=400, stretch='normal', size='scalable')) = 11.05
2025-03-25 04:20:33,569 - matplotlib.font_manager - DEBUG - findfont: score(FontEntry(fname='C:\\Users\\ROG\\.conda\\envs\\quangstation\\Lib\\site-packages\\matplotlib\\mpl-data\\fonts\\ttf\\STIXSizOneSymReg.ttf', name='STIXSizeOneSym', style='normal', variant='normal', weight=400, stretch='normal', size='scalable')) = 10.05
2025-03-25 04:20:33,569 - matplotlib.font_manager - DEBUG - findfont: score(FontEntry(fname='C:\\Users\\ROG\\.conda\\envs\\quangstation\\Lib\\site-packages\\matplotlib\\mpl-data\\fonts\\ttf\\STIXSizTwoSymReg.ttf', name='STIXSizeTwoSym', style='normal', variant='normal', weight=400, stretch='normal', size='scalable')) = 10.05
2025-03-25 04:20:33,569 - matplotlib.font_manager - DEBUG - findfont: score(FontEntry(fname='C:\\Users\\ROG\\.conda\\envs\\quangstation\\Lib\\site-packages\\matplotlib\\mpl-data\\fonts\\ttf\\cmmi10.ttf', name='cmmi10', style='normal', variant='normal', weight=400, stretch='normal', size='scalable')) = 10.05
2025-03-25 04:20:33,569 - matplotlib.font_manager - DEBUG - findfont: score(FontEntry(fname='C:\\Users\\ROG\\.conda\\envs\\quangstation\\Lib\\site-packages\\matplotlib\\mpl-data\\fonts\\ttf\\STIXGeneralItalic.ttf', name='STIXGeneral', style='italic', variant='normal', weight=400, stretch='normal', size='scalable')) = 11.05
2025-03-25 04:20:33,569 - matplotlib.font_manager - DEBUG - findfont: score(FontEntry(fname='C:\\Users\\ROG\\.conda\\envs\\quangstation\\Lib\\site-packages\\matplotlib\\mpl-data\\fonts\\ttf\\cmss10.ttf', name='cmss10', style='normal', variant='normal', weight=400, stretch='normal', size='scalable')) = 10.05
2025-03-25 04:20:33,569 - matplotlib.font_manager - DEBUG - findfont: score(FontEntry(fname='C:\\Users\\ROG\\.conda\\envs\\quangstation\\Lib\\site-packages\\matplotlib\\mpl-data\\fonts\\ttf\\STIXSizFiveSymReg.ttf', name='STIXSizeFiveSym', style='normal', variant='normal', weight=400, stretch='normal', size='scalable')) = 10.05
2025-03-25 04:20:33,575 - matplotlib.font_manager - DEBUG - findfont: score(FontEntry(fname='C:\\Users\\ROG\\.conda\\envs\\quangstation\\Lib\\site-packages\\matplotlib\\mpl-data\\fonts\\ttf\\DejaVuSerif-BoldItalic.ttf', name='DejaVu Serif', style='italic', variant='normal', weight=700, stretch='normal', size='scalable')) = 11.335
2025-03-25 04:20:33,575 - matplotlib.font_manager - DEBUG - findfont: score(FontEntry(fname='C:\\Users\\ROG\\.conda\\envs\\quangstation\\Lib\\site-packages\\matplotlib\\mpl-data\\fonts\\ttf\\cmex10.ttf', name='cmex10', style='normal', variant='normal', weight=400, stretch='normal', size='scalable')) = 10.05
2025-03-25 04:20:33,575 - matplotlib.font_manager - DEBUG - findfont: score(FontEntry(fname='C:\\Users\\ROG\\.conda\\envs\\quangstation\\Lib\\site-packages\\matplotlib\\mpl-data\\fonts\\ttf\\DejaVuSansDisplay.ttf', name='DejaVu Sans Display', style='normal', variant='normal', weight=400, stretch='normal', size='scalable')) = 10.05
2025-03-25 04:20:33,576 - matplotlib.font_manager - DEBUG - findfont: score(FontEntry(fname='C:\\Users\\ROG\\.conda\\envs\\quangstation\\Lib\\site-packages\\matplotlib\\mpl-data\\fonts\\ttf\\STIXNonUniBolIta.ttf', name='STIXNonUnicode', style='italic', variant='normal', weight=700, stretch='normal', size='scalable')) = 11.335
2025-03-25 04:20:33,576 - matplotlib.font_manager - DEBUG - findfont: score(FontEntry(fname='C:\\Users\\ROG\\.conda\\envs\\quangstation\\Lib\\site-packages\\matplotlib\\mpl-data\\fonts\\ttf\\STIXNonUniBol.ttf', name='STIXNonUnicode', style='normal', variant='normal', weight=700, stretch='normal', size='scalable')) = 10.335
2025-03-25 04:20:33,576 - matplotlib.font_manager - DEBUG - findfont: score(FontEntry(fname='C:\\Users\\ROG\\.conda\\envs\\quangstation\\Lib\\site-packages\\matplotlib\\mpl-data\\fonts\\ttf\\DejaVuSerif-Bold.ttf', name='DejaVu Serif', style='normal', variant='normal', weight=700, stretch='normal', size='scalable')) = 10.335
2025-03-25 04:20:33,577 - matplotlib.font_manager - DEBUG - findfont: score(FontEntry(fname='C:\\Users\\ROG\\.conda\\envs\\quangstation\\Lib\\site-packages\\matplotlib\\mpl-data\\fonts\\ttf\\STIXSizThreeSymReg.ttf', name='STIXSizeThreeSym', style='normal', variant='normal', weight=400, stretch='normal', size='scalable')) = 10.05
2025-03-25 04:20:33,577 - matplotlib.font_manager - DEBUG - findfont: score(FontEntry(fname='C:\\Users\\ROG\\.conda\\envs\\quangstation\\Lib\\site-packages\\matplotlib\\mpl-data\\fonts\\ttf\\DejaVuSansMono-Bold.ttf', name='DejaVu Sans Mono', style='normal', variant='normal', weight=700, stretch='normal', size='scalable')) = 10.335
2025-03-25 04:20:33,577 - matplotlib.font_manager - DEBUG - findfont: score(FontEntry(fname='C:\\Users\\ROG\\.conda\\envs\\quangstation\\Lib\\site-packages\\matplotlib\\mpl-data\\fonts\\ttf\\STIXNonUni.ttf', name='STIXNonUnicode', style='normal', variant='normal', weight=400, stretch='normal', size='scalable')) = 10.05
2025-03-25 04:20:33,578 - matplotlib.font_manager - DEBUG - findfont: score(FontEntry(fname='C:\\Users\\ROG\\.conda\\envs\\quangstation\\Lib\\site-packages\\matplotlib\\mpl-data\\fonts\\ttf\\DejaVuSerif-Italic.ttf', name='DejaVu Serif', style='italic', variant='normal', weight=400, stretch='normal', size='scalable')) = 11.05
2025-03-25 04:20:33,579 - matplotlib.font_manager - DEBUG - findfont: score(FontEntry(fname='C:\\Users\\ROG\\.conda\\envs\\quangstation\\Lib\\site-packages\\matplotlib\\mpl-data\\fonts\\ttf\\cmr10.ttf', name='cmr10', style='normal', variant='normal', weight=400, stretch='normal', size='scalable')) = 10.05
2025-03-25 04:20:33,579 - matplotlib.font_manager - DEBUG - findfont: score(FontEntry(fname='C:\\Users\\ROG\\.conda\\envs\\quangstation\\Lib\\site-packages\\matplotlib\\mpl-data\\fonts\\ttf\\DejaVuSansMono-BoldOblique.ttf', name='DejaVu Sans Mono', style='oblique', variant='normal', weight=700, stretch='normal', size='scalable')) = 11.335
2025-03-25 04:20:33,579 - matplotlib.font_manager - DEBUG - findfont: score(FontEntry(fname='C:\\Windows\\Fonts\\taileb.ttf', name='Microsoft Tai Le', style='normal', variant='normal', weight=700, stretch='normal', size='scalable')) = 10.335
2025-03-25 04:20:33,579 - matplotlib.font_manager - DEBUG - findfont: score(FontEntry(fname='C:\\Windows\\Fonts\\verdanaz.ttf', name='Verdana', style='italic', variant='normal', weight=700, stretch='normal', size='scalable')) = 4.971363636363637
2025-03-25 04:20:33,579 - matplotlib.font_manager - DEBUG - findfont: score(FontEntry(fname='C:\\Windows\\Fonts\\segoepr.ttf', name='Segoe Print', style='normal', variant='normal', weight=400, stretch='normal', size='scalable')) = 10.05
2025-03-25 04:20:33,580 - matplotlib.font_manager - DEBUG - findfont: score(FontEntry(fname='C:\\Windows\\Fonts\\ANTQUAI.TTF', name='Book Antiqua', style='italic', variant='normal', weight=400, stretch='normal', size='scalable')) = 11.05
2025-03-25 04:20:33,580 - matplotlib.font_manager - DEBUG - findfont: score(FontEntry(fname='C:\\Windows\\Fonts\\ROCKBI.TTF', name='Rockwell', style='italic', variant='normal', weight=700, stretch='normal', size='scalable')) = 11.335
2025-03-25 04:20:33,580 - matplotlib.font_manager - DEBUG - findfont: score(FontEntry(fname='C:\\Windows\\Fonts\\BOD_R.TTF', name='Bodoni MT', style='normal', variant='normal', weight=400, stretch='normal', size='scalable')) = 10.05
2025-03-25 04:20:33,580 - matplotlib.font_manager - DEBUG - findfont: score(FontEntry(fname='C:\\Windows\\Fonts\\BOD_I.TTF', name='Bodoni MT', style='italic', variant='normal', weight=400, stretch='normal', size='scalable')) = 11.05
2025-03-25 04:20:33,580 - matplotlib.font_manager - DEBUG - findfont: score(FontEntry(fname='C:\\Windows\\Fonts\\ROCKB.TTF', name='Rockwell', style='normal', variant='normal', weight=700, stretch='normal', size='scalable')) = 10.335
2025-03-25 04:20:33,581 - matplotlib.font_manager - DEBUG - findfont: score(FontEntry(fname='C:\\Windows\\Fonts\\VIVALDII.TTF', name='Vivaldi', style='italic', variant='normal', weight=400, stretch='normal', size='scalable')) = 11.05
2025-03-25 04:20:33,581 - matplotlib.font_manager - DEBUG - findfont: score(FontEntry(fname='C:\\Windows\\Fonts\\ITCKRIST.TTF', name='Kristen ITC', style='normal', variant='normal', weight=400, stretch='normal', size='scalable')) = 10.05
2025-03-25 04:20:33,581 - matplotlib.font_manager - DEBUG - findfont: score(FontEntry(fname='C:\\Windows\\Fonts\\TCMI____.TTF', name='Tw Cen MT', style='italic', variant='normal', weight=400, stretch='normal', size='scalable')) = 11.05
2025-03-25 04:20:33,582 - matplotlib.font_manager - DEBUG - findfont: score(FontEntry(fname='C:\\Windows\\Fonts\\seguili.ttf', name='Segoe UI', style='italic', variant='normal', weight=300, stretch='normal', size='scalable')) = 11.145
2025-03-25 04:20:33,582 - matplotlib.font_manager - DEBUG - findfont: score(FontEntry(fname='C:\\Windows\\Fonts\\LBRITED.TTF', name='Lucida Bright', style='normal', variant='normal', weight=600, stretch='normal', size='scalable')) = 10.24
2025-03-25 04:20:33,582 - matplotlib.font_manager - DEBUG - findfont: score(FontEntry(fname='C:\\Windows\\Fonts\\georgiaz.ttf', name='Georgia', style='italic', variant='normal', weight=700, stretch='normal', size='scalable')) = 11.335
2025-03-25 04:20:33,583 - matplotlib.font_manager - DEBUG - findfont: score(FontEntry(fname='C:\\Windows\\Fonts\\wingding.ttf', name='Wingdings', style='normal', variant='normal', weight=400, stretch='normal', size='scalable')) = 10.05
2025-03-25 04:20:33,583 - matplotlib.font_manager - DEBUG - findfont: score(FontEntry(fname='C:\\Windows\\Fonts\\segoeuiz.ttf', name='Segoe UI', style='italic', variant='normal', weight=700, stretch='normal', size='scalable')) = 11.335
2025-03-25 04:20:33,583 - matplotlib.font_manager - DEBUG - findfont: score(FontEntry(fname='C:\\Windows\\Fonts\\REFSPCL.TTF', name='MS Reference Specialty', style='normal', variant='normal', weight=400, stretch='normal', size='scalable')) = 10.05
2025-03-25 04:20:33,583 - matplotlib.font_manager - DEBUG - findfont: score(FontEntry(fname='C:\\Windows\\Fonts\\BRITANIC.TTF', name='Britannic Bold', style='normal', variant='normal', weight=400, stretch='normal', size='scalable')) = 10.05
2025-03-25 04:20:33,584 - matplotlib.font_manager - DEBUG - findfont: score(FontEntry(fname='C:\\Windows\\Fonts\\PALSCRI.TTF', name='Palace Script MT', style='normal', variant='normal', weight=400, stretch='normal', size='scalable')) = 10.05
2025-03-25 04:20:33,584 - matplotlib.font_manager - DEBUG - findfont: score(FontEntry(fname='C:\\Users\\ROG\\AppData\\Local\\Microsoft\\Windows\\Fonts\\codicon.ttf', name='codicon', style='normal', variant='normal', weight=400, stretch='normal', size='scalable')) = 10.05
2025-03-25 04:20:33,584 - matplotlib.font_manager - DEBUG - findfont: score(FontEntry(fname='C:\\Windows\\Fonts\\constan.ttf', name='Constantia', style='normal', variant='normal', weight=400, stretch='normal', size='scalable')) = 10.05
2025-03-25 04:20:33,584 - matplotlib.font_manager - DEBUG - findfont: score(FontEntry(fname='C:\\Windows\\Fonts\\pala.ttf', name='Palatino Linotype', style='normal', variant='normal', weight=400, stretch='normal', size='scalable')) = 10.05
2025-03-25 04:20:33,585 - matplotlib.font_manager - DEBUG - findfont: score(FontEntry(fname='C:\\Windows\\Fonts\\holomdl2.ttf', name='HoloLens MDL2 Assets', style='normal', variant='normal', weight=400, stretch='normal', size='scalable')) = 10.05
2025-03-25 04:20:33,585 - matplotlib.font_manager - DEBUG - findfont: score(FontEntry(fname='C:\\Windows\\Fonts\\seguisli.ttf', name='Segoe UI', style='italic', variant='normal', weight=350, stretch='normal', size='scalable')) = 11.0975
2025-03-25 04:20:33,586 - matplotlib.font_manager - DEBUG - findfont: score(FontEntry(fname='C:\\Windows\\Fonts\\Heebo-Regular.ttf', name='Heebo', style='normal', variant='normal', weight=400, stretch='normal', size='scalable')) = 10.05
2025-03-25 04:20:33,586 - matplotlib.font_manager - DEBUG - findfont: score(FontEntry(fname='C:\\Windows\\Fonts\\simsun.ttc', name='SimSun', style='normal', variant='normal', weight=400, stretch='normal', size='scalable')) = 10.05
2025-03-25 04:20:33,586 - matplotlib.font_manager - DEBUG - findfont: score(FontEntry(fname='C:\\Windows\\Fonts\\CALISTBI.TTF', name='Calisto MT', style='italic', variant='normal', weight=700, stretch='normal', size='scalable')) = 11.335
2025-03-25 04:20:33,586 - matplotlib.font_manager - DEBUG - findfont: score(FontEntry(fname='C:\\Windows\\Fonts\\BKANT.TTF', name='Book Antiqua', style='normal', variant='normal', weight=400, stretch='normal', size='scalable')) = 10.05
2025-03-25 04:20:33,586 - matplotlib.font_manager - DEBUG - findfont: score(FontEntry(fname='C:\\Windows\\Fonts\\FRADM.TTF', name='Franklin Gothic Demi', style='normal', variant='normal', weight=400, stretch='normal', size='scalable')) = 10.05
2025-03-25 04:20:33,586 - matplotlib.font_manager - DEBUG - findfont: score(FontEntry(fname='C:\\Windows\\Fonts\\LeelaUIb.ttf', name='Leelawadee UI', style='normal', variant='normal', weight=700, stretch='normal', size='scalable')) = 10.335
2025-03-25 04:20:33,587 - matplotlib.font_manager - DEBUG - findfont: score(FontEntry(fname='C:\\Windows\\Fonts\\HTOWERTI.TTF', name='High Tower Text', style='italic', variant='normal', weight=400, stretch='normal', size='scalable')) = 11.05
2025-03-25 04:20:33,587 - matplotlib.font_manager - DEBUG - findfont: score(FontEntry(fname='C:\\Users\\ROG\\AppData\\Local\\Microsoft\\Windows\\Fonts\\materialdesignicons5-webfont.ttf', name='Material Design Icons 5.9.55', style='normal', variant='normal', weight=400, stretch='normal', size='scalable')) = 10.05
2025-03-25 04:20:33,587 - matplotlib.font_manager - DEBUG - findfont: score(FontEntry(fname='C:\\Windows\\Fonts\\ARIALNI.TTF', name='Arial', style='italic', variant='normal', weight=400, stretch='condensed', size='scalable')) = 7.613636363636363
2025-03-25 04:20:33,587 - matplotlib.font_manager - DEBUG - findfont: score(FontEntry(fname='C:\\Windows\\Fonts\\GILLUBCD.TTF', name='Gill Sans Ultra Bold Condensed', style='normal', variant='normal', weight=400, stretch='condensed', size='scalable')) = 10.25
2025-03-25 04:20:33,589 - matplotlib.font_manager - DEBUG - findfont: score(FontEntry(fname='C:\\Windows\\Fonts\\malgunbd.ttf', name='Malgun Gothic', style='normal', variant='normal', weight=700, stretch='normal', size='scalable')) = 10.335
2025-03-25 04:20:33,589 - matplotlib.font_manager - DEBUG - findfont: score(FontEntry(fname='C:\\Windows\\Fonts\\GILI____.TTF', name='Gill Sans MT', style='italic', variant='normal', weight=400, stretch='normal', size='scalable')) = 11.05
2025-03-25 04:20:33,589 - matplotlib.font_manager - DEBUG - findfont: score(FontEntry(fname='C:\\Windows\\Fonts\\segoeuisl.ttf', name='Segoe UI', style='normal', variant='normal', weight=350, stretch='normal', size='scalable')) = 10.0975
2025-03-25 04:20:33,590 - matplotlib.font_manager - DEBUG - findfont: score(FontEntry(fname='C:\\Windows\\Fonts\\consola.ttf', name='Consolas', style='normal', variant='normal', weight=400, stretch='normal', size='scalable')) = 10.05
2025-03-25 04:20:33,590 - matplotlib.font_manager - DEBUG - findfont: score(FontEntry(fname='C:\\Windows\\Fonts\\BOD_CB.TTF', name='Bodoni MT', style='normal', variant='normal', weight=700, stretch='condensed', size='scalable')) = 10.535
2025-03-25 04:20:33,590 - matplotlib.font_manager - DEBUG - findfont: score(FontEntry(fname='C:\\Windows\\Fonts\\YuGothM.ttc', name='Yu Gothic', style='normal', variant='normal', weight=500, stretch='normal', size='scalable')) = 10.145
2025-03-25 04:20:33,591 - matplotlib.font_manager - DEBUG - findfont: score(FontEntry(fname='C:\\Windows\\Fonts\\calibrili.ttf', name='Calibri', style='italic', variant='normal', weight=300, stretch='normal', size='scalable')) = 11.145
2025-03-25 04:20:33,591 - matplotlib.font_manager - DEBUG - findfont: score(FontEntry(fname='C:\\Windows\\Fonts\\tahoma.ttf', name='Tahoma', style='normal', variant='normal', weight=400, stretch='normal', size='scalable')) = 10.05
2025-03-25 04:20:33,591 - matplotlib.font_manager - DEBUG - findfont: score(FontEntry(fname='C:\\Windows\\Fonts\\SIMLI.TTF', name='LiSu', style='normal', variant='normal', weight=400, stretch='normal', size='scalable')) = 10.05
2025-03-25 04:20:33,591 - matplotlib.font_manager - DEBUG - findfont: score(FontEntry(fname='C:\\Windows\\Fonts\\MTEXTRA.TTF', name='MT Extra', style='normal', variant='normal', weight=400, stretch='normal', size='scalable')) = 10.05
2025-03-25 04:20:33,592 - matplotlib.font_manager - DEBUG - findfont: score(FontEntry(fname='C:\\Windows\\Fonts\\palai.ttf', name='Palatino Linotype', style='italic', variant='normal', weight=400, stretch='normal', size='scalable')) = 11.05
2025-03-25 04:20:33,592 - matplotlib.font_manager - DEBUG - findfont: score(FontEntry(fname='C:\\Windows\\Fonts\\Nirmala.ttf', name='Nirmala UI', style='normal', variant='normal', weight=400, stretch='normal', size='scalable')) = 10.05
2025-03-25 04:20:33,592 - matplotlib.font_manager - DEBUG - findfont: score(FontEntry(fname='C:\\Windows\\Fonts\\DUBAI-MEDIUM.TTF', name='Dubai', style='normal', variant='normal', weight=500, stretch='normal', size='scalable')) = 10.145
2025-03-25 04:20:33,593 - matplotlib.font_manager - DEBUG - findfont: score(FontEntry(fname='C:\\Windows\\Fonts\\LSANSI.TTF', name='Lucida Sans', style='italic', variant='normal', weight=400, stretch='normal', size='scalable')) = 11.05
2025-03-25 04:20:33,593 - matplotlib.font_manager - DEBUG - findfont: score(FontEntry(fname='C:\\Windows\\Fonts\\ROCCB___.TTF', name='Rockwell Condensed', style='normal', variant='normal', weight=700, stretch='condensed', size='scalable')) = 10.535
2025-03-25 04:20:33,593 - matplotlib.font_manager - DEBUG - findfont: score(FontEntry(fname='C:\\Windows\\Fonts\\CascadiaMono.ttf', name='Cascadia Mono', style='normal', variant='normal', weight=400, stretch='normal', size='scalable')) = 10.05
2025-03-25 04:20:33,594 - matplotlib.font_manager - DEBUG - findfont: score(FontEntry(fname='C:\\Users\\ROG\\AppData\\Local\\Microsoft\\Windows\\Fonts\\fontawesome5-brands-webfont.ttf', name='Font Awesome 5 Brands', style='normal', variant='normal', weight=400, stretch='normal', size='scalable')) = 10.05
2025-03-25 04:20:33,594 - matplotlib.font_manager - DEBUG - findfont: score(FontEntry(fname='C:\\Windows\\Fonts\\ARIALNB.TTF', name='Arial', style='normal', variant='normal', weight=700, stretch='condensed', size='scalable')) = 6.8986363636363635
2025-03-25 04:20:33,594 - matplotlib.font_manager - DEBUG - findfont: score(FontEntry(fname='C:\\Users\\ROG\\AppData\\Local\\Microsoft\\Windows\\Fonts\\fontawesome4.7-webfont.ttf', name='FontAwesome', style='normal', variant='normal', weight=400, stretch='normal', size='scalable')) = 10.05
2025-03-25 04:20:33,594 - matplotlib.font_manager - DEBUG - findfont: score(FontEntry(fname='C:\\Windows\\Fonts\\framd.ttf', name='Franklin Gothic Medium', style='normal', variant='normal', weight=400, stretch='normal', size='scalable')) = 10.05
2025-03-25 04:20:33,594 - matplotlib.font_manager - DEBUG - findfont: score(FontEntry(fname='C:\\Windows\\Fonts\\GILB____.TTF', name='Gill Sans MT', style='normal', variant='normal', weight=700, stretch='normal', size='scalable')) = 10.335
2025-03-25 04:20:33,595 - matplotlib.font_manager - DEBUG - findfont: score(FontEntry(fname='C:\\Windows\\Fonts\\ROCKEB.TTF', name='Rockwell Extra Bold', style='normal', variant='normal', weight=800, stretch='normal', size='scalable')) = 10.43
2025-03-25 04:20:33,595 - matplotlib.font_manager - DEBUG - findfont: score(FontEntry(fname='C:\\Windows\\Fonts\\segmdl2.ttf', name='Segoe MDL2 Assets', style='normal', variant='normal', weight=400, stretch='normal', size='scalable')) = 10.05
2025-03-25 04:20:33,596 - matplotlib.font_manager - DEBUG - findfont: score(FontEntry(fname='C:\\Windows\\Fonts\\segoeprb.ttf', name='Segoe Print', style='normal', variant='normal', weight=700, stretch='normal', size='scalable')) = 10.335
2025-03-25 04:20:33,596 - matplotlib.font_manager - DEBUG - findfont: score(FontEntry(fname='C:\\Windows\\Fonts\\TCBI____.TTF', name='Tw Cen MT', style='italic', variant='normal', weight=700, stretch='normal', size='scalable')) = 11.335
2025-03-25 04:20:33,597 - matplotlib.font_manager - DEBUG - findfont: score(FontEntry(fname='C:\\Windows\\Fonts\\segoeuil.ttf', name='Segoe UI', style='normal', variant='normal', weight=300, stretch='normal', size='scalable')) = 10.145
2025-03-25 04:20:33,597 - matplotlib.font_manager - DEBUG - findfont: score(FontEntry(fname='C:\\Windows\\Fonts\\TCM_____.TTF', name='Tw Cen MT', style='normal', variant='normal', weight=400, stretch='normal', size='scalable')) = 10.05
2025-03-25 04:20:33,597 - matplotlib.font_manager - DEBUG - findfont: score(FontEntry(fname='C:\\Windows\\Fonts\\comicbd.ttf', name='Comic Sans MS', style='normal', variant='normal', weight=700, stretch='normal', size='scalable')) = 10.335
2025-03-25 04:20:33,598 - matplotlib.font_manager - DEBUG - findfont: score(FontEntry(fname='C:\\Windows\\Fonts\\phagspa.ttf', name='Microsoft PhagsPa', style='normal', variant='normal', weight=400, stretch='normal', size='scalable')) = 10.05
2025-03-25 04:20:33,598 - matplotlib.font_manager - DEBUG - findfont: score(FontEntry(fname='C:\\Windows\\Fonts\\LeelawUI.ttf', name='Leelawadee UI', style='normal', variant='normal', weight=400, stretch='normal', size='scalable')) = 10.05
2025-03-25 04:20:33,598 - matplotlib.font_manager - DEBUG - findfont: score(FontEntry(fname='C:\\Windows\\Fonts\\IMPRISHA.TTF', name='Imprint MT Shadow', style='normal', variant='normal', weight=400, stretch='normal', size='scalable')) = 10.05
2025-03-25 04:20:33,598 - matplotlib.font_manager - DEBUG - findfont: score(FontEntry(fname='C:\\Windows\\Fonts\\VLADIMIR.TTF', name='Vladimir Script', style='normal', variant='normal', weight=400, stretch='normal', size='scalable')) = 10.05
2025-03-25 04:20:33,599 - matplotlib.font_manager - DEBUG - findfont: score(FontEntry(fname='C:\\Windows\\Fonts\\CHILLER.TTF', name='Chiller', style='normal', variant='normal', weight=400, stretch='normal', size='scalable')) = 10.05
2025-03-25 04:20:33,599 - matplotlib.font_manager - DEBUG - findfont: score(FontEntry(fname='C:\\Windows\\Fonts\\GIL_____.TTF', name='Gill Sans MT', style='normal', variant='normal', weight=400, stretch='normal', size='scalable')) = 10.05
2025-03-25 04:20:33,599 - matplotlib.font_manager - DEBUG - findfont: score(FontEntry(fname='C:\\Windows\\Fonts\\YuGothB.ttc', name='Yu Gothic', style='normal', variant='normal', weight=700, stretch='normal', size='scalable')) = 10.335
2025-03-25 04:20:33,600 - matplotlib.font_manager - DEBUG - findfont: score(FontEntry(fname='C:\\Windows\\Fonts\\LHANDW.TTF', name='Lucida Handwriting', style='italic', variant='normal', weight=400, stretch='normal', size='scalable')) = 11.05
2025-03-25 04:20:33,600 - matplotlib.font_manager - DEBUG - findfont: score(FontEntry(fname='C:\\Windows\\Fonts\\GOUDOSB.TTF', name='Goudy Old Style', style='normal', variant='normal', weight=700, stretch='normal', size='scalable')) = 10.335
2025-03-25 04:20:33,601 - matplotlib.font_manager - DEBUG - findfont: score(FontEntry(fname='C:\\Windows\\Fonts\\seguiemj.ttf', name='Segoe UI Emoji', style='normal', variant='normal', weight=400, stretch='normal', size='scalable')) = 10.05
2025-03-25 04:20:33,601 - matplotlib.font_manager - DEBUG - findfont: score(FontEntry(fname='C:\\Windows\\Fonts\\seguisb.ttf', name='Segoe UI', style='normal', variant='normal', weight=600, stretch='normal', size='scalable')) = 10.24
2025-03-25 04:20:33,601 - matplotlib.font_manager - DEBUG - findfont: score(FontEntry(fname='C:\\Windows\\Fonts\\CascadiaCode.ttf', name='Cascadia Code', style='normal', variant='normal', weight=400, stretch='normal', size='scalable')) = 10.05
2025-03-25 04:20:33,601 - matplotlib.font_manager - DEBUG - findfont: score(FontEntry(fname='C:\\Windows\\Fonts\\lucon.ttf', name='Lucida Console', style='normal', variant='normal', weight=400, stretch='normal', size='scalable')) = 10.05
2025-03-25 04:20:33,601 - matplotlib.font_manager - DEBUG - findfont: score(FontEntry(fname='C:\\Windows\\Fonts\\calibrii.ttf', name='Calibri', style='italic', variant='normal', weight=400, stretch='normal', size='scalable')) = 11.05
2025-03-25 04:20:33,601 - matplotlib.font_manager - DEBUG - findfont: score(FontEntry(fname='C:\\Windows\\Fonts\\JUICE___.TTF', name='Juice ITC', style='normal', variant='normal', weight=400, stretch='normal', size='scalable')) = 10.05
2025-03-25 04:20:33,603 - matplotlib.font_manager - DEBUG - findfont: score(FontEntry(fname='C:\\Windows\\Fonts\\SIMYOU.TTF', name='YouYuan', style='normal', variant='normal', weight=400, stretch='normal', size='scalable')) = 10.05
2025-03-25 04:20:33,603 - matplotlib.font_manager - DEBUG - findfont: score(FontEntry(fname='C:\\Windows\\Fonts\\SNAP____.TTF', name='Snap ITC', style='normal', variant='normal', weight=400, stretch='normal', size='scalable')) = 10.05
2025-03-25 04:20:33,603 - matplotlib.font_manager - DEBUG - findfont: score(FontEntry(fname='C:\\Windows\\Fonts\\BOD_PSTC.TTF', name='Bodoni MT', style='normal', variant='normal', weight=300, stretch='normal', size='scalable')) = 10.145
2025-03-25 04:20:33,604 - matplotlib.font_manager - DEBUG - findfont: score(FontEntry(fname='C:\\Windows\\Fonts\\YuGothR.ttc', name='Yu Gothic', style='normal', variant='normal', weight=400, stretch='normal', size='scalable')) = 10.05
2025-03-25 04:20:33,604 - matplotlib.font_manager - DEBUG - findfont: score(FontEntry(fname='C:\\Windows\\Fonts\\COLONNA.TTF', name='Colonna MT', style='normal', variant='normal', weight=400, stretch='normal', size='scalable')) = 10.05
2025-03-25 04:20:33,604 - matplotlib.font_manager - DEBUG - findfont: score(FontEntry(fname='C:\\Windows\\Fonts\\Candaral.ttf', name='Candara', style='normal', variant='normal', weight=400, stretch='normal', size='scalable')) = 10.05
2025-03-25 04:20:33,604 - matplotlib.font_manager - DEBUG - findfont: score(FontEntry(fname='C:\\Windows\\Fonts\\msyh.ttc', name='Microsoft YaHei', style='normal', variant='normal', weight=400, stretch='normal', size='scalable')) = 10.05
2025-03-25 04:20:33,605 - matplotlib.font_manager - DEBUG - findfont: score(FontEntry(fname='C:\\Windows\\Fonts\\FZSTK.TTF', name='FZShuTi', style='normal', variant='normal', weight=400, stretch='normal', size='scalable')) = 10.05
2025-03-25 04:20:33,605 - matplotlib.font_manager - DEBUG - findfont: score(FontEntry(fname='C:\\Windows\\Fonts\\FELIXTI.TTF', name='Felix Titling', style='normal', variant='normal', weight=400, stretch='normal', size='scalable')) = 10.05
2025-03-25 04:20:33,605 - matplotlib.font_manager - DEBUG - findfont: score(FontEntry(fname='C:\\Windows\\Fonts\\ROCC____.TTF', name='Rockwell Condensed', style='normal', variant='normal', weight=400, stretch='condensed', size='scalable')) = 10.25
2025-03-25 04:20:33,605 - matplotlib.font_manager - DEBUG - findfont: score(FontEntry(fname='C:\\Windows\\Fonts\\GARA.TTF', name='Garamond', style='normal', variant='normal', weight=400, stretch='normal', size='scalable')) = 10.05
2025-03-25 04:20:33,605 - matplotlib.font_manager - DEBUG - findfont: score(FontEntry(fname='C:\\Users\\ROG\\AppData\\Local\\Microsoft\\Windows\\Fonts\\remixicon.ttf', name='remixicon', style='normal', variant='normal', weight=400, stretch='normal', size='scalable')) = 10.05
2025-03-25 04:20:33,606 - matplotlib.font_manager - DEBUG - findfont: score(FontEntry(fname='C:\\Windows\\Fonts\\TEMPSITC.TTF', name='Tempus Sans ITC', style='normal', variant='normal', weight=400, stretch='normal', size='scalable')) = 10.05
2025-03-25 04:20:33,606 - matplotlib.font_manager - DEBUG - findfont: score(FontEntry(fname='C:\\Windows\\Fonts\\LBRITE.TTF', name='Lucida Bright', style='normal', variant='normal', weight=400, stretch='normal', size='scalable')) = 10.05
2025-03-25 04:20:33,606 - matplotlib.font_manager - DEBUG - findfont: score(FontEntry(fname='C:\\Windows\\Fonts\\LTYPEB.TTF', name='Lucida Sans Typewriter', style='normal', variant='normal', weight=600, stretch='normal', size='scalable')) = 10.24
2025-03-25 04:20:33,606 - matplotlib.font_manager - DEBUG - findfont: score(FontEntry(fname='C:\\Windows\\Fonts\\STLITI.TTF', name='STLiti', style='normal', variant='normal', weight=400, stretch='normal', size='scalable')) = 10.05
2025-03-25 04:20:33,606 - matplotlib.font_manager - DEBUG - findfont: score(FontEntry(fname='C:\\Windows\\Fonts\\mmrtextb.ttf', name='Myanmar Text', style='normal', variant='normal', weight=700, stretch='normal', size='scalable')) = 10.335
2025-03-25 04:20:33,606 - matplotlib.font_manager - DEBUG - findfont: score(FontEntry(fname='C:\\Windows\\Fonts\\calibril.ttf', name='Calibri', style='normal', variant='normal', weight=300, stretch='normal', size='scalable')) = 10.145
2025-03-25 04:20:33,607 - matplotlib.font_manager - DEBUG - findfont: score(FontEntry(fname='C:\\Windows\\Fonts\\timesbi.ttf', name='Times New Roman', style='italic', variant='normal', weight=700, stretch='normal', size='scalable')) = 11.335
2025-03-25 04:20:33,607 - matplotlib.font_manager - DEBUG - findfont: score(FontEntry(fname='C:\\Windows\\Fonts\\mvboli.ttf', name='MV Boli', style='normal', variant='normal', weight=400, stretch='normal', size='scalable')) = 10.05
2025-03-25 04:20:33,607 - matplotlib.font_manager - DEBUG - findfont: score(FontEntry(fname='C:\\Windows\\Fonts\\msyhbd.ttc', name='Microsoft YaHei', style='normal', variant='normal', weight=700, stretch='normal', size='scalable')) = 10.335
2025-03-25 04:20:33,608 - matplotlib.font_manager - DEBUG - findfont: score(FontEntry(fname='C:\\Windows\\Fonts\\MSUIGHUR.TTF', name='Microsoft Uighur', style='normal', variant='normal', weight=400, stretch='normal', size='scalable')) = 10.05
2025-03-25 04:20:33,608 - matplotlib.font_manager - DEBUG - findfont: score(FontEntry(fname='C:\\Windows\\Fonts\\PERI____.TTF', name='Perpetua', style='italic', variant='normal', weight=400, stretch='normal', size='scalable')) = 11.05
2025-03-25 04:20:33,608 - matplotlib.font_manager - DEBUG - findfont: score(FontEntry(fname='C:\\Windows\\Fonts\\MOD20.TTF', name='Modern No. 20', style='normal', variant='normal', weight=400, stretch='normal', size='scalable')) = 10.05
2025-03-25 04:20:33,608 - matplotlib.font_manager - DEBUG - findfont: score(FontEntry(fname='C:\\Windows\\Fonts\\NIAGSOL.TTF', name='Niagara Solid', style='normal', variant='normal', weight=400, stretch='normal', size='scalable')) = 10.05
2025-03-25 04:20:33,608 - matplotlib.font_manager - DEBUG - findfont: score(FontEntry(fname='C:\\Windows\\Fonts\\PERBI___.TTF', name='Perpetua', style='italic', variant='normal', weight=700, stretch='normal', size='scalable')) = 11.335
2025-03-25 04:20:33,608 - matplotlib.font_manager - DEBUG - findfont: score(FontEntry(fname='C:\\Windows\\Fonts\\LCALLIG.TTF', name='Lucida Calligraphy', style='italic', variant='normal', weight=400, stretch='normal', size='scalable')) = 11.05
2025-03-25 04:20:33,608 - matplotlib.font_manager - DEBUG - findfont: score(FontEntry(fname='C:\\Windows\\Fonts\\comic.ttf', name='Comic Sans MS', style='normal', variant='normal', weight=400, stretch='normal', size='scalable')) = 10.05
2025-03-25 04:20:33,608 - matplotlib.font_manager - DEBUG - findfont: score(FontEntry(fname='C:\\Windows\\Fonts\\MAIAN.TTF', name='Maiandra GD', style='normal', variant='normal', weight=400, stretch='normal', size='scalable')) = 10.05
2025-03-25 04:20:33,610 - matplotlib.font_manager - DEBUG - findfont: score(FontEntry(fname='C:\\Windows\\Fonts\\OCRAEXT.TTF', name='OCR A Extended', style='normal', variant='normal', weight=400, stretch='expanded', size='scalable')) = 10.25
2025-03-25 04:20:33,610 - matplotlib.font_manager - DEBUG - findfont: score(FontEntry(fname='C:\\Windows\\Fonts\\STKAITI.TTF', name='STKaiti', style='normal', variant='normal', weight=400, stretch='normal', size='scalable')) = 10.05
2025-03-25 04:20:33,610 - matplotlib.font_manager - DEBUG - findfont: score(FontEntry(fname='C:\\Windows\\Fonts\\cambriai.ttf', name='Cambria', style='italic', variant='normal', weight=400, stretch='normal', size='scalable')) = 11.05
2025-03-25 04:20:33,610 - matplotlib.font_manager - DEBUG - findfont: score(FontEntry(fname='C:\\Windows\\Fonts\\ARIALN.TTF', name='Arial', style='normal', variant='normal', weight=400, stretch='condensed', size='scalable')) = 6.613636363636363
2025-03-25 04:20:33,611 - matplotlib.font_manager - DEBUG - findfont: score(FontEntry(fname='C:\\Windows\\Fonts\\HTOWERT.TTF', name='High Tower Text', style='normal', variant='normal', weight=400, stretch='normal', size='scalable')) = 10.05
2025-03-25 04:20:33,611 - matplotlib.font_manager - DEBUG - findfont: score(FontEntry(fname='C:\\Windows\\Fonts\\ROCK.TTF', name='Rockwell', style='normal', variant='normal', weight=400, stretch='normal', size='scalable')) = 10.05
2025-03-25 04:20:33,611 - matplotlib.font_manager - DEBUG - findfont: score(FontEntry(fname='C:\\Windows\\Fonts\\STENCIL.TTF', name='Stencil', style='normal', variant='normal', weight=400, stretch='normal', size='scalable')) = 10.05
2025-03-25 04:20:33,611 - matplotlib.font_manager - DEBUG - findfont: score(FontEntry(fname='C:\\Windows\\Fonts\\SHOWG.TTF', name='Showcard Gothic', style='normal', variant='normal', weight=400, stretch='normal', size='scalable')) = 10.05
2025-03-25 04:20:33,612 - matplotlib.font_manager - DEBUG - findfont: score(FontEntry(fname='C:\\Windows\\Fonts\\ebrima.ttf', name='Ebrima', style='normal', variant='normal', weight=400, stretch='normal', size='scalable')) = 10.05
2025-03-25 04:20:33,612 - matplotlib.font_manager - DEBUG - findfont: score(FontEntry(fname='C:\\Windows\\Fonts\\BAUHS93.TTF', name='Bauhaus 93', style='normal', variant='normal', weight=400, stretch='normal', size='scalable')) = 10.05
2025-03-25 04:20:33,612 - matplotlib.font_manager - DEBUG - findfont: score(FontEntry(fname='C:\\Windows\\Fonts\\BRUSHSCI.TTF', name='Brush Script MT', style='italic', variant='normal', weight=400, stretch='normal', size='scalable')) = 11.05
2025-03-25 04:20:33,612 - matplotlib.font_manager - DEBUG - findfont: score(FontEntry(fname='C:\\Windows\\Fonts\\TCCEB.TTF', name='Tw Cen MT Condensed Extra Bold', style='normal', variant='normal', weight=400, stretch='condensed', size='scalable')) = 10.25
2025-03-25 04:20:33,612 - matplotlib.font_manager - DEBUG - findfont: score(FontEntry(fname='C:\\Windows\\Fonts\\ntailu.ttf', name='Microsoft New Tai Lue', style='normal', variant='normal', weight=400, stretch='normal', size='scalable')) = 10.05
2025-03-25 04:20:33,612 - matplotlib.font_manager - DEBUG - findfont: score(FontEntry(fname='C:\\Windows\\Fonts\\RAGE.TTF', name='Rage Italic', style='italic', variant='normal', weight=400, stretch='normal', size='scalable')) = 11.05
2025-03-25 04:20:33,613 - matplotlib.font_manager - DEBUG - findfont: score(FontEntry(fname='C:\\Windows\\Fonts\\malgunsl.ttf', name='Malgun Gothic', style='normal', variant='normal', weight=300, stretch='normal', size='scalable')) = 10.145
2025-03-25 04:20:33,613 - matplotlib.font_manager - DEBUG - findfont: score(FontEntry(fname='C:\\Windows\\Fonts\\taile.ttf', name='Microsoft Tai Le', style='normal', variant='normal', weight=400, stretch='normal', size='scalable')) = 10.05
2025-03-25 04:20:33,613 - matplotlib.font_manager - DEBUG - findfont: score(FontEntry(fname='C:\\Windows\\Fonts\\GILBI___.TTF', name='Gill Sans MT', style='italic', variant='normal', weight=700, stretch='normal', size='scalable')) = 11.335
2025-03-25 04:20:33,613 - matplotlib.font_manager - DEBUG - findfont: score(FontEntry(fname='C:\\Windows\\Fonts\\BSSYM7.TTF', name='Bookshelf Symbol 7', style='normal', variant='normal', weight=400, stretch='normal', size='scalable')) = 10.05
2025-03-25 04:20:33,613 - matplotlib.font_manager - DEBUG - findfont: score(FontEntry(fname='C:\\Windows\\Fonts\\BELL.TTF', name='Bell MT', style='normal', variant='normal', weight=400, stretch='normal', size='scalable')) = 10.05
2025-03-25 04:20:33,613 - matplotlib.font_manager - DEBUG - findfont: score(FontEntry(fname='C:\\Windows\\Fonts\\courbi.ttf', name='Courier New', style='italic', variant='normal', weight=700, stretch='normal', size='scalable')) = 11.335
2025-03-25 04:20:33,614 - matplotlib.font_manager - DEBUG - findfont: score(FontEntry(fname='C:\\Windows\\Fonts\\INFROMAN.TTF', name='Informal Roman', style='normal', variant='normal', weight=400, stretch='normal', size='scalable')) = 10.05
2025-03-25 04:20:33,614 - matplotlib.font_manager - DEBUG - findfont: score(FontEntry(fname='C:\\Windows\\Fonts\\LATINWD.TTF', name='Wide Latin', style='normal', variant='normal', weight=400, stretch='expanded', size='scalable')) = 10.25
2025-03-25 04:20:33,614 - matplotlib.font_manager - DEBUG - findfont: score(FontEntry(fname='C:\\Windows\\Fonts\\ONYX.TTF', name='Onyx', style='normal', variant='normal', weight=400, stretch='normal', size='scalable')) = 10.05
2025-03-25 04:20:33,614 - matplotlib.font_manager - DEBUG - findfont: score(FontEntry(fname='C:\\Windows\\Fonts\\BOOKOSBI.TTF', name='Bookman Old Style', style='italic', variant='normal', weight=600, stretch='normal', size='scalable')) = 11.24
2025-03-25 04:20:33,615 - matplotlib.font_manager - DEBUG - findfont: score(FontEntry(fname='C:\\Windows\\Fonts\\STXINGKA.TTF', name='STXingkai', style='normal', variant='normal', weight=400, stretch='normal', size='scalable')) = 10.05
2025-03-25 04:20:33,615 - matplotlib.font_manager - DEBUG - findfont: score(FontEntry(fname='C:\\Windows\\Fonts\\HARLOWSI.TTF', name='Harlow Solid Italic', style='italic', variant='normal', weight=400, stretch='normal', size='scalable')) = 11.05
2025-03-25 04:20:33,616 - matplotlib.font_manager - DEBUG - findfont: score(FontEntry(fname='C:\\Windows\\Fonts\\timesi.ttf', name='Times New Roman', style='italic', variant='normal', weight=400, stretch='normal', size='scalable')) = 11.05
2025-03-25 04:20:33,616 - matplotlib.font_manager - DEBUG - findfont: score(FontEntry(fname='C:\\Windows\\Fonts\\BELLI.TTF', name='Bell MT', style='italic', variant='normal', weight=400, stretch='normal', size='scalable')) = 11.05
2025-03-25 04:20:33,617 - matplotlib.font_manager - DEBUG - findfont: score(FontEntry(fname='C:\\Windows\\Fonts\\GOUDOSI.TTF', name='Goudy Old Style', style='italic', variant='normal', weight=400, stretch='normal', size='scalable')) = 11.05
2025-03-25 04:20:33,617 - matplotlib.font_manager - DEBUG - findfont: score(FontEntry(fname='C:\\Windows\\Fonts\\calibri.ttf', name='Calibri', style='normal', variant='normal', weight=400, stretch='normal', size='scalable')) = 10.05
2025-03-25 04:20:33,617 - matplotlib.font_manager - DEBUG - findfont: score(FontEntry(fname='C:\\Windows\\Fonts\\himalaya.ttf', name='Microsoft Himalaya', style='normal', variant='normal', weight=400, stretch='normal', size='scalable')) = 10.05
2025-03-25 04:20:33,617 - matplotlib.font_manager - DEBUG - findfont: score(FontEntry(fname='C:\\Windows\\Fonts\\SCRIPTBL.TTF', name='Script MT Bold', style='normal', variant='normal', weight=700, stretch='normal', size='scalable')) = 10.335
2025-03-25 04:20:33,618 - matplotlib.font_manager - DEBUG - findfont: score(FontEntry(fname='C:\\Windows\\Fonts\\consolai.ttf', name='Consolas', style='italic', variant='normal', weight=400, stretch='normal', size='scalable')) = 11.05
2025-03-25 04:20:33,618 - matplotlib.font_manager - DEBUG - findfont: score(FontEntry(fname='C:\\Windows\\Fonts\\OUTLOOK.TTF', name='MS Outlook', style='normal', variant='normal', weight=400, stretch='normal', size='scalable')) = 10.05
2025-03-25 04:20:33,618 - matplotlib.font_manager - DEBUG - findfont: score(FontEntry(fname='C:\\Windows\\Fonts\\BOD_CR.TTF', name='Bodoni MT', style='normal', variant='normal', weight=400, stretch='condensed', size='scalable')) = 10.25
2025-03-25 04:20:33,618 - matplotlib.font_manager - DEBUG - findfont: score(FontEntry(fname='C:\\Windows\\Fonts\\LFAX.TTF', name='Lucida Fax', style='normal', variant='normal', weight=400, stretch='normal', size='scalable')) = 10.05
2025-03-25 04:20:33,619 - matplotlib.font_manager - DEBUG - findfont: score(FontEntry(fname='C:\\Windows\\Fonts\\GLECB.TTF', name='Gloucester MT Extra Condensed', style='normal', variant='normal', weight=400, stretch='condensed', size='scalable')) = 10.25
2025-03-25 04:20:33,619 - matplotlib.font_manager - DEBUG - findfont: score(FontEntry(fname='C:\\Windows\\Fonts\\PARCHM.TTF', name='Parchment', style='normal', variant='normal', weight=400, stretch='normal', size='scalable')) = 10.05
2025-03-25 04:20:33,619 - matplotlib.font_manager - DEBUG - findfont: score(FontEntry(fname='C:\\Windows\\Fonts\\corbel.ttf', name='Corbel', style='normal', variant='normal', weight=400, stretch='normal', size='scalable')) = 10.05
2025-03-25 04:20:33,619 - matplotlib.font_manager - DEBUG - findfont: score(FontEntry(fname='C:\\Windows\\Fonts\\DUBAI-LIGHT.TTF', name='Dubai', style='normal', variant='normal', weight=300, stretch='normal', size='scalable')) = 10.145
2025-03-25 04:20:33,620 - matplotlib.font_manager - DEBUG - findfont: score(FontEntry(fname='C:\\Windows\\Fonts\\ENGR.TTF', name='Engravers MT', style='normal', variant='normal', weight=500, stretch='normal', size='scalable')) = 10.145
2025-03-25 04:20:33,620 - matplotlib.font_manager - DEBUG - findfont: score(FontEntry(fname='C:\\Windows\\Fonts\\cambria.ttc', name='Cambria', style='normal', variant='normal', weight=400, stretch='normal', size='scalable')) = 10.05
2025-03-25 04:20:33,620 - matplotlib.font_manager - DEBUG - findfont: score(FontEntry(fname='C:\\Windows\\Fonts\\CASTELAR.TTF', name='Castellar', style='normal', variant='normal', weight=400, stretch='normal', size='scalable')) = 10.05
2025-03-25 04:20:33,620 - matplotlib.font_manager - DEBUG - findfont: score(FontEntry(fname='C:\\Windows\\Fonts\\verdanab.ttf', name='Verdana', style='normal', variant='normal', weight=700, stretch='normal', size='scalable')) = 3.9713636363636367
2025-03-25 04:20:33,620 - matplotlib.font_manager - DEBUG - findfont: score(FontEntry(fname='C:\\Windows\\Fonts\\MISTRAL.TTF', name='Mistral', style='normal', variant='normal', weight=400, stretch='normal', size='scalable')) = 10.05
2025-03-25 04:20:33,621 - matplotlib.font_manager - DEBUG - findfont: score(FontEntry(fname='C:\\Windows\\Fonts\\COOPBL.TTF', name='Cooper Black', style='normal', variant='normal', weight=400, stretch='normal', size='scalable')) = 10.05
2025-03-25 04:20:33,621 - matplotlib.font_manager - DEBUG - findfont: score(FontEntry(fname='C:\\Users\\ROG\\AppData\\Local\\Microsoft\\Windows\\Fonts\\phosphor.ttf', name='Phosphor', style='normal', variant='normal', weight=400, stretch='normal', size='scalable')) = 10.05
2025-03-25 04:20:33,621 - matplotlib.font_manager - DEBUG - findfont: score(FontEntry(fname='C:\\Windows\\Fonts\\simsunb.ttf', name='SimSun-ExtB', style='normal', variant='normal', weight=400, stretch='normal', size='scalable')) = 10.05
2025-03-25 04:20:33,621 - matplotlib.font_manager - DEBUG - findfont: score(FontEntry(fname='C:\\Windows\\Fonts\\GARABD.TTF', name='Garamond', style='normal', variant='normal', weight=700, stretch='normal', size='scalable')) = 10.335
2025-03-25 04:20:33,621 - matplotlib.font_manager - DEBUG - findfont: score(FontEntry(fname='C:\\Windows\\Fonts\\JOKERMAN.TTF', name='Jokerman', style='normal', variant='normal', weight=400, stretch='normal', size='scalable')) = 10.05
2025-03-25 04:20:33,622 - matplotlib.font_manager - DEBUG - findfont: score(FontEntry(fname='C:\\Windows\\Fonts\\Candara.ttf', name='Candara', style='normal', variant='normal', weight=400, stretch='normal', size='scalable')) = 10.05
2025-03-25 04:20:33,622 - matplotlib.font_manager - DEBUG - findfont: score(FontEntry(fname='C:\\Windows\\Fonts\\courbd.ttf', name='Courier New', style='normal', variant='normal', weight=700, stretch='normal', size='scalable')) = 10.335
2025-03-25 04:20:33,622 - matplotlib.font_manager - DEBUG - findfont: score(FontEntry(fname='C:\\Users\\ROG\\AppData\\Local\\Microsoft\\Windows\\Fonts\\fontawesome5-solid-webfont.ttf', name='Font Awesome 5 Free Solid', style='normal', variant='normal', weight=900, stretch='normal', size='scalable')) = 10.525
2025-03-25 04:20:33,623 - matplotlib.font_manager - DEBUG - findfont: score(FontEntry(fname='C:\\Windows\\Fonts\\BOOKOS.TTF', name='Bookman Old Style', style='normal', variant='normal', weight=300, stretch='normal', size='scalable')) = 10.145
2025-03-25 04:20:33,623 - matplotlib.font_manager - DEBUG - findfont: score(FontEntry(fname='C:\\Windows\\Fonts\\webdings.ttf', name='Webdings', style='normal', variant='normal', weight=400, stretch='normal', size='scalable')) = 10.05
2025-03-25 04:20:33,623 - matplotlib.font_manager - DEBUG - findfont: score(FontEntry(fname='C:\\Windows\\Fonts\\palabi.ttf', name='Palatino Linotype', style='italic', variant='normal', weight=700, stretch='normal', size='scalable')) = 11.335
2025-03-25 04:20:33,623 - matplotlib.font_manager - DEBUG - findfont: score(FontEntry(fname='C:\\Windows\\Fonts\\calibrib.ttf', name='Calibri', style='normal', variant='normal', weight=700, stretch='normal', size='scalable')) = 10.335
2025-03-25 04:20:33,623 - matplotlib.font_manager - DEBUG - findfont: score(FontEntry(fname='C:\\Windows\\Fonts\\BROADW.TTF', name='Broadway', style='normal', variant='normal', weight=400, stretch='normal', size='scalable')) = 10.05
2025-03-25 04:20:33,623 - matplotlib.font_manager - DEBUG - findfont: score(FontEntry(fname='C:\\Windows\\Fonts\\GOTHICI.TTF', name='Century Gothic', style='italic', variant='normal', weight=400, stretch='normal', size='scalable')) = 11.05
2025-03-25 04:20:33,625 - matplotlib.font_manager - DEBUG - findfont: score(FontEntry(fname='C:\\Windows\\Fonts\\arial.ttf', name='Arial', style='normal', variant='normal', weight=400, stretch='normal', size='scalable')) = 6.413636363636363
2025-03-25 04:20:33,625 - matplotlib.font_manager - DEBUG - findfont: score(FontEntry(fname='C:\\Windows\\Fonts\\Inkfree.ttf', name='Ink Free', style='normal', variant='normal', weight=400, stretch='normal', size='scalable')) = 10.05
2025-03-25 04:20:33,625 - matplotlib.font_manager - DEBUG - findfont: score(FontEntry(fname='C:\\Windows\\Fonts\\msjh.ttc', name='Microsoft JhengHei', style='normal', variant='normal', weight=400, stretch='normal', size='scalable')) = 10.05
2025-03-25 04:20:33,625 - matplotlib.font_manager - DEBUG - findfont: score(FontEntry(fname='C:\\Windows\\Fonts\\SCHLBKB.TTF', name='Century Schoolbook', style='normal', variant='normal', weight=700, stretch='normal', size='scalable')) = 10.335
2025-03-25 04:20:33,626 - matplotlib.font_manager - DEBUG - findfont: score(FontEntry(fname='C:\\Windows\\Fonts\\javatext.ttf', name='Javanese Text', style='normal', variant='normal', weight=400, stretch='normal', size='scalable')) = 10.05
2025-03-25 04:20:33,626 - matplotlib.font_manager - DEBUG - findfont: score(FontEntry(fname='C:\\Windows\\Fonts\\ebrimabd.ttf', name='Ebrima', style='normal', variant='normal', weight=700, stretch='normal', size='scalable')) = 10.335
2025-03-25 04:20:33,627 - matplotlib.font_manager - DEBUG - findfont: score(FontEntry(fname='C:\\Windows\\Fonts\\BRLNSR.TTF', name='Berlin Sans FB', style='normal', variant='normal', weight=400, stretch='normal', size='scalable')) = 10.05
2025-03-25 04:20:33,627 - matplotlib.font_manager - DEBUG - findfont: score(FontEntry(fname='C:\\Windows\\Fonts\\GOUDOS.TTF', name='Goudy Old Style', style='normal', variant='normal', weight=400, stretch='normal', size='scalable')) = 10.05
2025-03-25 04:20:33,627 - matplotlib.font_manager - DEBUG - findfont: score(FontEntry(fname='C:\\Windows\\Fonts\\FRAHV.TTF', name='Franklin Gothic Heavy', style='normal', variant='normal', weight=400, stretch='normal', size='scalable')) = 10.05
2025-03-25 04:20:33,628 - matplotlib.font_manager - DEBUG - findfont: score(FontEntry(fname='C:\\Windows\\Fonts\\framdit.ttf', name='Franklin Gothic Medium', style='italic', variant='normal', weight=400, stretch='normal', size='scalable')) = 11.05
2025-03-25 04:20:33,628 - matplotlib.font_manager - DEBUG - findfont: score(FontEntry(fname='C:\\Windows\\Fonts\\BOD_CBI.TTF', name='Bodoni MT', style='italic', variant='normal', weight=700, stretch='condensed', size='scalable')) = 11.535
2025-03-25 04:20:33,628 - matplotlib.font_manager - DEBUG - findfont: score(FontEntry(fname='C:\\Windows\\Fonts\\OLDENGL.TTF', name='Old English Text MT', style='normal', variant='normal', weight=400, stretch='normal', size='scalable')) = 10.05
2025-03-25 04:20:33,629 - matplotlib.font_manager - DEBUG - findfont: score(FontEntry(fname='C:\\Windows\\Fonts\\PAPYRUS.TTF', name='Papyrus', style='normal', variant='normal', weight=400, stretch='normal', size='scalable')) = 10.05
2025-03-25 04:20:33,629 - matplotlib.font_manager - DEBUG - findfont: score(FontEntry(fname='C:\\Windows\\Fonts\\calibriz.ttf', name='Calibri', style='italic', variant='normal', weight=700, stretch='normal', size='scalable')) = 11.335
2025-03-25 04:20:33,629 - matplotlib.font_manager - DEBUG - findfont: score(FontEntry(fname='C:\\Windows\\Fonts\\STZHONGS.TTF', name='STZhongsong', style='normal', variant='normal', weight=400, stretch='normal', size='scalable')) = 10.05
2025-03-25 04:20:33,629 - matplotlib.font_manager - DEBUG - findfont: score(FontEntry(fname='C:\\Windows\\Fonts\\ntailub.ttf', name='Microsoft New Tai Lue', style='normal', variant='normal', weight=700, stretch='normal', size='scalable')) = 10.335
2025-03-25 04:20:33,629 - matplotlib.font_manager - DEBUG - findfont: score(FontEntry(fname='C:\\Windows\\Fonts\\CALIFB.TTF', name='Californian FB', style='normal', variant='normal', weight=700, stretch='normal', size='scalable')) = 10.335
2025-03-25 04:20:33,629 - matplotlib.font_manager - DEBUG - findfont: score(FontEntry(fname='C:\\Windows\\Fonts\\BRLNSB.TTF', name='Berlin Sans FB', style='normal', variant='normal', weight=700, stretch='normal', size='scalable')) = 10.335
2025-03-25 04:20:33,630 - matplotlib.font_manager - DEBUG - findfont: score(FontEntry(fname='C:\\Windows\\Fonts\\CENSCBK.TTF', name='Century Schoolbook', style='normal', variant='normal', weight=400, stretch='normal', size='scalable')) = 10.05
2025-03-25 04:20:33,631 - matplotlib.font_manager - DEBUG - findfont: score(FontEntry(fname='C:\\Windows\\Fonts\\segoeuib.ttf', name='Segoe UI', style='normal', variant='normal', weight=700, stretch='normal', size='scalable')) = 10.335
2025-03-25 04:20:33,631 - matplotlib.font_manager - DEBUG - findfont: score(FontEntry(fname='C:\\Windows\\Fonts\\CURLZ___.TTF', name='Curlz MT', style='normal', variant='normal', weight=400, stretch='normal', size='scalable')) = 10.05
2025-03-25 04:20:33,632 - matplotlib.font_manager - DEBUG - findfont: score(FontEntry(fname='C:\\Windows\\Fonts\\MTCORSVA.TTF', name='Monotype Corsiva', style='normal', variant='normal', weight=400, stretch='normal', size='scalable')) = 10.05
2025-03-25 04:20:33,632 - matplotlib.font_manager - DEBUG - findfont: score(FontEntry(fname='C:\\Windows\\Fonts\\GOTHICBI.TTF', name='Century Gothic', style='italic', variant='normal', weight=700, stretch='normal', size='scalable')) = 11.335
2025-03-25 04:20:33,632 - matplotlib.font_manager - DEBUG - findfont: score(FontEntry(fname='C:\\Windows\\Fonts\\LBRITEI.TTF', name='Lucida Bright', style='italic', variant='normal', weight=400, stretch='normal', size='scalable')) = 11.05
2025-03-25 04:20:33,633 - matplotlib.font_manager - DEBUG - findfont: score(FontEntry(fname='C:\\Windows\\Fonts\\NIAGENG.TTF', name='Niagara Engraved', style='normal', variant='normal', weight=400, stretch='normal', size='scalable')) = 10.05
2025-03-25 04:20:33,633 - matplotlib.font_manager - DEBUG - findfont: score(FontEntry(fname='C:\\Windows\\Fonts\\gadugi.ttf', name='Gadugi', style='normal', variant='normal', weight=400, stretch='normal', size='scalable')) = 10.05
2025-03-25 04:20:33,633 - matplotlib.font_manager - DEBUG - findfont: score(FontEntry(fname='C:\\Windows\\Fonts\\mingliub.ttc', name='MingLiU-ExtB', style='normal', variant='normal', weight=400, stretch='normal', size='scalable')) = 10.05
2025-03-25 04:20:33,634 - matplotlib.font_manager - DEBUG - findfont: score(FontEntry(fname='C:\\Windows\\Fonts\\FORTE.TTF', name='Forte', style='normal', variant='normal', weight=400, stretch='normal', size='scalable')) = 10.05
2025-03-25 04:20:33,634 - matplotlib.font_manager - DEBUG - findfont: score(FontEntry(fname='C:\\Windows\\Fonts\\PER_____.TTF', name='Perpetua', style='normal', variant='normal', weight=400, stretch='normal', size='scalable')) = 10.05
2025-03-25 04:20:33,634 - matplotlib.font_manager - DEBUG - findfont: score(FontEntry(fname='C:\\Windows\\Fonts\\corbelz.ttf', name='Corbel', style='italic', variant='normal', weight=700, stretch='normal', size='scalable')) = 11.335
2025-03-25 04:20:33,634 - matplotlib.font_manager - DEBUG - findfont: score(FontEntry(fname='C:\\Windows\\Fonts\\REFSAN.TTF', name='MS Reference Sans Serif', style='normal', variant='normal', weight=400, stretch='normal', size='scalable')) = 10.05
2025-03-25 04:20:33,634 - matplotlib.font_manager - DEBUG - findfont: score(FontEntry(fname='C:\\Windows\\Fonts\\SCHLBKBI.TTF', name='Century Schoolbook', style='italic', variant='normal', weight=700, stretch='normal', size='scalable')) = 11.335
2025-03-25 04:20:33,635 - matplotlib.font_manager - DEBUG - findfont: score(FontEntry(fname='C:\\Windows\\Fonts\\ANTQUAB.TTF', name='Book Antiqua', style='normal', variant='normal', weight=700, stretch='normal', size='scalable')) = 10.335
2025-03-25 04:20:33,635 - matplotlib.font_manager - DEBUG - findfont: score(FontEntry(fname='C:\\Windows\\Fonts\\GOUDYSTO.TTF', name='Goudy Stout', style='normal', variant='normal', weight=400, stretch='normal', size='scalable')) = 10.05
2025-03-25 04:20:33,636 - matplotlib.font_manager - DEBUG - findfont: score(FontEntry(fname='C:\\Windows\\Fonts\\ERASMD.TTF', name='Eras Medium ITC', style='normal', variant='normal', weight=400, stretch='normal', size='scalable')) = 10.05
2025-03-25 04:20:33,636 - matplotlib.font_manager - DEBUG - findfont: score(FontEntry(fname='C:\\Windows\\Fonts\\CALIFI.TTF', name='Californian FB', style='italic', variant='normal', weight=400, stretch='normal', size='scalable')) = 11.05
2025-03-25 04:20:33,636 - matplotlib.font_manager - DEBUG - findfont: score(FontEntry(fname='C:\\Windows\\Fonts\\GARAIT.TTF', name='Garamond', style='italic', variant='normal', weight=400, stretch='normal', size='scalable')) = 11.05
2025-03-25 04:20:33,637 - matplotlib.font_manager - DEBUG - findfont: score(FontEntry(fname='C:\\Windows\\Fonts\\VINERITC.TTF', name='Viner Hand ITC', style='normal', variant='normal', weight=400, stretch='normal', size='scalable')) = 10.05
2025-03-25 04:20:33,638 - matplotlib.font_manager - DEBUG - findfont: score(FontEntry(fname='C:\\Windows\\Fonts\\SimsunExtG.ttf', name='SimSun-ExtG', style='normal', variant='normal', weight=400, stretch='normal', size='scalable')) = 10.05
2025-03-25 04:20:33,639 - matplotlib.font_manager - DEBUG - findfont: score(FontEntry(fname='C:\\Windows\\Fonts\\BOD_BI.TTF', name='Bodoni MT', style='italic', variant='normal', weight=700, stretch='normal', size='scalable')) = 11.335
2025-03-25 04:20:33,639 - matplotlib.font_manager - DEBUG - findfont: score(FontEntry(fname='C:\\Windows\\Fonts\\phagspab.ttf', name='Microsoft PhagsPa', style='normal', variant='normal', weight=700, stretch='normal', size='scalable')) = 10.335
2025-03-25 04:20:33,639 - matplotlib.font_manager - DEBUG - findfont: score(FontEntry(fname='C:\\Windows\\Fonts\\ELEPHNT.TTF', name='Elephant', style='normal', variant='normal', weight=400, stretch='normal', size='scalable')) = 10.05
2025-03-25 04:20:33,639 - matplotlib.font_manager - DEBUG - findfont: score(FontEntry(fname='C:\\Windows\\Fonts\\FRAMDCN.TTF', name='Franklin Gothic Medium Cond', style='normal', variant='normal', weight=400, stretch='condensed', size='scalable')) = 10.25
2025-03-25 04:20:33,639 - matplotlib.font_manager - DEBUG - findfont: score(FontEntry(fname='C:\\Windows\\Fonts\\constanb.ttf', name='Constantia', style='normal', variant='normal', weight=700, stretch='normal', size='scalable')) = 10.335
2025-03-25 04:20:33,641 - matplotlib.font_manager - DEBUG - findfont: score(FontEntry(fname='C:\\Windows\\Fonts\\LFAXI.TTF', name='Lucida Fax', style='italic', variant='normal', weight=400, stretch='normal', size='scalable')) = 11.05
2025-03-25 04:20:33,641 - matplotlib.font_manager - DEBUG - findfont: score(FontEntry(fname='C:\\Windows\\Fonts\\TCB_____.TTF', name='Tw Cen MT', style='normal', variant='normal', weight=700, stretch='normal', size='scalable')) = 10.335
2025-03-25 04:20:33,641 - matplotlib.font_manager - DEBUG - findfont: score(FontEntry(fname='C:\\Windows\\Fonts\\LFAXD.TTF', name='Lucida Fax', style='normal', variant='normal', weight=600, stretch='normal', size='scalable')) = 10.24
2025-03-25 04:20:33,641 - matplotlib.font_manager - DEBUG - findfont: score(FontEntry(fname='C:\\Windows\\Fonts\\corbell.ttf', name='Corbel', style='normal', variant='normal', weight=300, stretch='normal', size='scalable')) = 10.145
2025-03-25 04:20:33,642 - matplotlib.font_manager - DEBUG - findfont: score(FontEntry(fname='C:\\Windows\\Fonts\\FRADMCN.TTF', name='Franklin Gothic Demi Cond', style='normal', variant='normal', weight=400, stretch='condensed', size='scalable')) = 10.25
2025-03-25 04:20:33,642 - matplotlib.font_manager - DEBUG - findfont: score(FontEntry(fname='C:\\Users\\ROG\\AppData\\Local\\Microsoft\\Windows\\Fonts\\materialdesignicons6-webfont.ttf', name='Material Design Icons', style='normal', variant='normal', weight=400, stretch='normal', size='scalable')) = 10.05
2025-03-25 04:20:33,642 - matplotlib.font_manager - DEBUG - findfont: score(FontEntry(fname='C:\\Windows\\Fonts\\LTYPEBO.TTF', name='Lucida Sans Typewriter', style='oblique', variant='normal', weight=600, stretch='normal', size='scalable')) = 11.24
2025-03-25 04:20:33,642 - matplotlib.font_manager - DEBUG - findfont: score(FontEntry(fname='C:\\Windows\\Fonts\\bahnschrift.ttf', name='Bahnschrift', style='normal', variant='normal', weight=400, stretch='normal', size='scalable')) = 10.05
2025-03-25 04:20:33,642 - matplotlib.font_manager - DEBUG - findfont: score(FontEntry(fname='C:\\Windows\\Fonts\\CALIFR.TTF', name='Californian FB', style='normal', variant='normal', weight=400, stretch='normal', size='scalable')) = 10.05
2025-03-25 04:20:33,643 - matplotlib.font_manager - DEBUG - findfont: score(FontEntry(fname='C:\\Windows\\Fonts\\ANTQUABI.TTF', name='Book Antiqua', style='italic', variant='normal', weight=700, stretch='normal', size='scalable')) = 11.335
2025-03-25 04:20:33,643 - matplotlib.font_manager - DEBUG - findfont: score(FontEntry(fname='C:\\Windows\\Fonts\\LeelUIsl.ttf', name='Leelawadee UI', style='normal', variant='normal', weight=350, stretch='normal', size='scalable')) = 10.0975
2025-03-25 04:20:33,643 - matplotlib.font_manager - DEBUG - findfont: score(FontEntry(fname='C:\\Windows\\Fonts\\CALISTI.TTF', name='Calisto MT', style='italic', variant='normal', weight=400, stretch='normal', size='scalable')) = 11.05
2025-03-25 04:20:33,643 - matplotlib.font_manager - DEBUG - findfont: score(FontEntry(fname='C:\\Windows\\Fonts\\cambriab.ttf', name='Cambria', style='normal', variant='normal', weight=700, stretch='normal', size='scalable')) = 10.335
2025-03-25 04:20:33,643 - matplotlib.font_manager - DEBUG - findfont: score(FontEntry(fname='C:\\Windows\\Fonts\\NirmalaS.ttf', name='Nirmala UI', style='normal', variant='normal', weight=350, stretch='normal', size='scalable')) = 10.0975
2025-03-25 04:20:33,643 - matplotlib.font_manager - DEBUG - findfont: score(FontEntry(fname='C:\\Windows\\Fonts\\GOTHICB.TTF', name='Century Gothic', style='normal', variant='normal', weight=700, stretch='normal', size='scalable')) = 10.335
2025-03-25 04:20:33,644 - matplotlib.font_manager - DEBUG - findfont: score(FontEntry(fname='C:\\Windows\\Fonts\\msgothic.ttc', name='MS Gothic', style='normal', variant='normal', weight=400, stretch='normal', size='scalable')) = 10.05
2025-03-25 04:20:33,644 - matplotlib.font_manager - DEBUG - findfont: score(FontEntry(fname='C:\\Windows\\Fonts\\georgia.ttf', name='Georgia', style='normal', variant='normal', weight=400, stretch='normal', size='scalable')) = 10.05
2025-03-25 04:20:33,646 - matplotlib.font_manager - DEBUG - findfont: score(FontEntry(fname='C:\\Windows\\Fonts\\BELLB.TTF', name='Bell MT', style='normal', variant='normal', weight=700, stretch='normal', size='scalable')) = 10.335
2025-03-25 04:20:33,646 - matplotlib.font_manager - DEBUG - findfont: score(FontEntry(fname='C:\\Windows\\Fonts\\symbol.ttf', name='Symbol', style='normal', variant='normal', weight=400, stretch='normal', size='scalable')) = 10.05
2025-03-25 04:20:33,647 - matplotlib.font_manager - DEBUG - findfont: score(FontEntry(fname='C:\\Windows\\Fonts\\segoeui.ttf', name='Segoe UI', style='normal', variant='normal', weight=400, stretch='normal', size='scalable')) = 10.05
2025-03-25 04:20:33,647 - matplotlib.font_manager - DEBUG - findfont: score(FontEntry(fname='C:\\Windows\\Fonts\\LBRITEDI.TTF', name='Lucida Bright', style='italic', variant='normal', weight=600, stretch='normal', size='scalable')) = 11.24
2025-03-25 04:20:33,647 - matplotlib.font_manager - DEBUG - findfont: score(FontEntry(fname='C:\\Windows\\Fonts\\GLSNECB.TTF', name='Gill Sans MT Ext Condensed Bold', style='normal', variant='normal', weight=400, stretch='condensed', size='scalable')) = 10.25
2025-03-25 04:20:33,647 - matplotlib.font_manager - DEBUG - findfont: score(FontEntry(fname='C:\\Windows\\Fonts\\CENTURY.TTF', name='Century', style='normal', variant='normal', weight=400, stretch='normal', size='scalable')) = 10.05
2025-03-25 04:20:33,648 - matplotlib.font_manager - DEBUG - findfont: score(FontEntry(fname='C:\\Windows\\Fonts\\arialbd.ttf', name='Arial', style='normal', variant='normal', weight=700, stretch='normal', size='scalable')) = 6.698636363636363
2025-03-25 04:20:33,648 - matplotlib.font_manager - DEBUG - findfont: score(FontEntry(fname='C:\\Windows\\Fonts\\ARIALNBI.TTF', name='Arial', style='italic', variant='normal', weight=700, stretch='condensed', size='scalable')) = 7.8986363636363635
2025-03-25 04:20:33,648 - matplotlib.font_manager - DEBUG - findfont: score(FontEntry(fname='C:\\Windows\\Fonts\\ariali.ttf', name='Arial', style='italic', variant='normal', weight=400, stretch='normal', size='scalable')) = 7.413636363636363
2025-03-25 04:20:33,648 - matplotlib.font_manager - DEBUG - findfont: score(FontEntry(fname='C:\\Windows\\Fonts\\AGENCYB.TTF', name='Agency FB', style='normal', variant='normal', weight=700, stretch='normal', size='scalable')) = 10.335
2025-03-25 04:20:33,648 - matplotlib.font_manager - DEBUG - findfont: score(FontEntry(fname='C:\\Windows\\Fonts\\BASKVILL.TTF', name='Baskerville Old Face', style='normal', variant='normal', weight=400, stretch='normal', size='scalable')) = 10.05
2025-03-25 04:20:33,648 - matplotlib.font_manager - DEBUG - findfont: score(FontEntry(fname='C:\\Windows\\Fonts\\PERTIBD.TTF', name='Perpetua Titling MT', style='normal', variant='normal', weight=700, stretch='normal', size='scalable')) = 10.335
2025-03-25 04:20:33,649 - matplotlib.font_manager - DEBUG - findfont: score(FontEntry(fname='C:\\Windows\\Fonts\\STXINWEI.TTF', name='STXinwei', style='normal', variant='normal', weight=400, stretch='normal', size='scalable')) = 10.05
2025-03-25 04:20:33,649 - matplotlib.font_manager - DEBUG - findfont: score(FontEntry(fname='C:\\Windows\\Fonts\\SitkaVF.ttf', name='Sitka', style='normal', variant='normal', weight=400, stretch='normal', size='scalable')) = 10.05
2025-03-25 04:20:33,649 - matplotlib.font_manager - DEBUG - findfont: score(FontEntry(fname='C:\\Windows\\Fonts\\BRADHITC.TTF', name='Bradley Hand ITC', style='normal', variant='normal', weight=400, stretch='normal', size='scalable')) = 10.05
2025-03-25 04:20:33,649 - matplotlib.font_manager - DEBUG - findfont: score(FontEntry(fname='C:\\Windows\\Fonts\\verdanai.ttf', name='Verdana', style='italic', variant='normal', weight=400, stretch='normal', size='scalable')) = 4.6863636363636365
2025-03-25 04:20:33,649 - matplotlib.font_manager - DEBUG - findfont: score(FontEntry(fname='C:\\Windows\\Fonts\\comicz.ttf', name='Comic Sans MS', style='italic', variant='normal', weight=700, stretch='normal', size='scalable')) = 11.335
2025-03-25 04:20:33,649 - matplotlib.font_manager - DEBUG - findfont: score(FontEntry(fname='C:\\Windows\\Fonts\\PERB____.TTF', name='Perpetua', style='normal', variant='normal', weight=700, stretch='normal', size='scalable')) = 10.335
2025-03-25 04:20:33,650 - matplotlib.font_manager - DEBUG - findfont: score(FontEntry(fname='C:\\Windows\\Fonts\\SCHLBKI.TTF', name='Century Schoolbook', style='italic', variant='normal', weight=400, stretch='normal', size='scalable')) = 11.05
2025-03-25 04:20:33,650 - matplotlib.font_manager - DEBUG - findfont: score(FontEntry(fname='C:\\Windows\\Fonts\\comici.ttf', name='Comic Sans MS', style='italic', variant='normal', weight=400, stretch='normal', size='scalable')) = 11.05
2025-03-25 04:20:33,650 - matplotlib.font_manager - DEBUG - findfont: score(FontEntry(fname='C:\\Windows\\Fonts\\WINGDNG2.TTF', name='Wingdings 2', style='normal', variant='normal', weight=400, stretch='normal', size='scalable')) = 10.05
2025-03-25 04:20:33,650 - matplotlib.font_manager - DEBUG - findfont: score(FontEntry(fname='C:\\Windows\\Fonts\\FZYTK.TTF', name='FZYaoTi', style='normal', variant='normal', weight=400, stretch='normal', size='scalable')) = 10.05
2025-03-25 04:20:33,650 - matplotlib.font_manager - DEBUG - findfont: score(FontEntry(fname='C:\\Windows\\Fonts\\LSANSDI.TTF', name='Lucida Sans', style='italic', variant='normal', weight=600, stretch='normal', size='scalable')) = 11.24
2025-03-25 04:20:33,651 - matplotlib.font_manager - DEBUG - findfont: score(FontEntry(fname='C:\\Windows\\Fonts\\gadugib.ttf', name='Gadugi', style='normal', variant='normal', weight=700, stretch='normal', size='scalable')) = 10.335
2025-03-25 04:20:33,651 - matplotlib.font_manager - DEBUG - findfont: score(FontEntry(fname='C:\\Windows\\Fonts\\ERASLGHT.TTF', name='Eras Light ITC', style='normal', variant='normal', weight=400, stretch='normal', size='scalable')) = 10.05
2025-03-25 04:20:33,652 - matplotlib.font_manager - DEBUG - findfont: score(FontEntry(fname='C:\\Windows\\Fonts\\FRABK.TTF', name='Franklin Gothic Book', style='normal', variant='normal', weight=400, stretch='normal', size='scalable')) = 10.05
2025-03-25 04:20:33,653 - matplotlib.font_manager - DEBUG - findfont: score(FontEntry(fname='C:\\Windows\\Fonts\\arialbi.ttf', name='Arial', style='italic', variant='normal', weight=700, stretch='normal', size='scalable')) = 7.698636363636363
2025-03-25 04:20:33,653 - matplotlib.font_manager - DEBUG - findfont: score(FontEntry(fname='C:\\Windows\\Fonts\\BOD_B.TTF', name='Bodoni MT', style='normal', variant='normal', weight=700, stretch='normal', size='scalable')) = 10.335
2025-03-25 04:20:33,654 - matplotlib.font_manager - DEBUG - findfont: score(FontEntry(fname='C:\\Windows\\Fonts\\msjhl.ttc', name='Microsoft JhengHei', style='normal', variant='normal', weight=290, stretch='normal', size='scalable')) = 10.1545
2025-03-25 04:20:33,654 - matplotlib.font_manager - DEBUG - findfont: score(FontEntry(fname='C:\\Windows\\Fonts\\STCAIYUN.TTF', name='STCaiyun', style='normal', variant='normal', weight=400, stretch='normal', size='scalable')) = 10.05
2025-03-25 04:20:33,654 - matplotlib.font_manager - DEBUG - findfont: score(FontEntry(fname='C:\\Windows\\Fonts\\DUBAI-REGULAR.TTF', name='Dubai', style='normal', variant='normal', weight=400, stretch='normal', size='scalable')) = 10.05
2025-03-25 04:20:33,654 - matplotlib.font_manager - DEBUG - findfont: score(FontEntry(fname='C:\\Windows\\Fonts\\sylfaen.ttf', name='Sylfaen', style='normal', variant='normal', weight=400, stretch='normal', size='scalable')) = 10.05
2025-03-25 04:20:33,654 - matplotlib.font_manager - DEBUG - findfont: score(FontEntry(fname='C:\\Windows\\Fonts\\LSANS.TTF', name='Lucida Sans', style='normal', variant='normal', weight=400, stretch='normal', size='scalable')) = 10.05
2025-03-25 04:20:33,654 - matplotlib.font_manager - DEBUG - findfont: score(FontEntry(fname='C:\\Windows\\Fonts\\ERASBD.TTF', name='Eras Bold ITC', style='normal', variant='normal', weight=400, stretch='normal', size='scalable')) = 10.05
2025-03-25 04:20:33,655 - matplotlib.font_manager - DEBUG - findfont: score(FontEntry(fname='C:\\Windows\\Fonts\\times.ttf', name='Times New Roman', style='normal', variant='normal', weight=400, stretch='normal', size='scalable')) = 10.05
2025-03-25 04:20:33,655 - matplotlib.font_manager - DEBUG - findfont: score(FontEntry(fname='C:\\Windows\\Fonts\\ariblk.ttf', name='Arial', style='normal', variant='normal', weight=900, stretch='normal', size='scalable')) = 6.888636363636364
2025-03-25 04:20:33,655 - matplotlib.font_manager - DEBUG - findfont: score(FontEntry(fname='C:\\Windows\\Fonts\\constanz.ttf', name='Constantia', style='italic', variant='normal', weight=700, stretch='normal', size='scalable')) = 11.335
2025-03-25 04:20:33,656 - matplotlib.font_manager - DEBUG - findfont: score(FontEntry(fname='C:\\Windows\\Fonts\\ERASDEMI.TTF', name='Eras Demi ITC', style='normal', variant='normal', weight=400, stretch='normal', size='scalable')) = 10.05
2025-03-25 04:20:33,656 - matplotlib.font_manager - DEBUG - findfont: score(FontEntry(fname='C:\\Windows\\Fonts\\LSANSD.TTF', name='Lucida Sans', style='normal', variant='normal', weight=600, stretch='normal', size='scalable')) = 10.24
2025-03-25 04:20:33,657 - matplotlib.font_manager - DEBUG - findfont: score(FontEntry(fname='C:\\Windows\\Fonts\\GIGI.TTF', name='Gigi', style='normal', variant='normal', weight=400, stretch='normal', size='scalable')) = 10.05
2025-03-25 04:20:33,657 - matplotlib.font_manager - DEBUG - findfont: score(FontEntry(fname='C:\\Windows\\Fonts\\LEELAWAD.TTF', name='Leelawadee', style='normal', variant='normal', weight=400, stretch='normal', size='scalable')) = 10.05
2025-03-25 04:20:33,657 - matplotlib.font_manager - DEBUG - findfont: score(FontEntry(fname='C:\\Windows\\Fonts\\BOD_BLAR.TTF', name='Bodoni MT', style='normal', variant='normal', weight=900, stretch='normal', size='scalable')) = 10.525
2025-03-25 04:20:33,658 - matplotlib.font_manager - DEBUG - findfont: score(FontEntry(fname='C:\\Windows\\Fonts\\timesbd.ttf', name='Times New Roman', style='normal', variant='normal', weight=700, stretch='normal', size='scalable')) = 10.335
2025-03-25 04:20:33,659 - matplotlib.font_manager - DEBUG - findfont: score(FontEntry(fname='C:\\Windows\\Fonts\\seguisym.ttf', name='Segoe UI Symbol', style='normal', variant='normal', weight=400, stretch='normal', size='scalable')) = 10.05
2025-03-25 04:20:33,659 - matplotlib.font_manager - DEBUG - findfont: score(FontEntry(fname='C:\\Windows\\Fonts\\PRISTINA.TTF', name='Pristina', style='normal', variant='normal', weight=400, stretch='normal', size='scalable')) = 10.05
2025-03-25 04:20:33,659 - matplotlib.font_manager - DEBUG - findfont: score(FontEntry(fname='C:\\Windows\\Fonts\\LTYPEO.TTF', name='Lucida Sans Typewriter', style='oblique', variant='normal', weight=400, stretch='normal', size='scalable')) = 11.05
2025-03-25 04:20:33,659 - matplotlib.font_manager - DEBUG - findfont: score(FontEntry(fname='C:\\Windows\\Fonts\\ELEPHNTI.TTF', name='Elephant', style='italic', variant='normal', weight=400, stretch='normal', size='scalable')) = 11.05
2025-03-25 04:20:33,661 - matplotlib.font_manager - DEBUG - findfont: score(FontEntry(fname='C:\\Windows\\Fonts\\Candarali.ttf', name='Candara', style='italic', variant='normal', weight=400, stretch='normal', size='scalable')) = 11.05
2025-03-25 04:20:33,661 - matplotlib.font_manager - DEBUG - findfont: score(FontEntry(fname='C:\\Windows\\Fonts\\segoesc.ttf', name='Segoe Script', style='normal', variant='normal', weight=400, stretch='normal', size='scalable')) = 10.05
2025-03-25 04:20:33,662 - matplotlib.font_manager - DEBUG - findfont: score(FontEntry(fname='C:\\Windows\\Fonts\\cambriaz.ttf', name='Cambria', style='italic', variant='normal', weight=700, stretch='normal', size='scalable')) = 11.335
2025-03-25 04:20:33,662 - matplotlib.font_manager - DEBUG - findfont: score(FontEntry(fname='C:\\Windows\\Fonts\\BRLNSDB.TTF', name='Berlin Sans FB Demi', style='normal', variant='normal', weight=700, stretch='normal', size='scalable')) = 10.335
2025-03-25 04:20:33,662 - matplotlib.font_manager - DEBUG - findfont: score(FontEntry(fname='C:\\Windows\\Fonts\\segoescb.ttf', name='Segoe Script', style='normal', variant='normal', weight=700, stretch='normal', size='scalable')) = 10.335
2025-03-25 04:20:33,662 - matplotlib.font_manager - DEBUG - findfont: score(FontEntry(fname='C:\\Windows\\Fonts\\GILSANUB.TTF', name='Gill Sans Ultra Bold', style='normal', variant='normal', weight=400, stretch='normal', size='scalable')) = 10.05
2025-03-25 04:20:33,663 - matplotlib.font_manager - DEBUG - findfont: score(FontEntry(fname='C:\\Windows\\Fonts\\micross.ttf', name='Microsoft Sans Serif', style='normal', variant='normal', weight=400, stretch='normal', size='scalable')) = 10.05
2025-03-25 04:20:33,663 - matplotlib.font_manager - DEBUG - findfont: score(FontEntry(fname='C:\\Windows\\Fonts\\segoeuii.ttf', name='Segoe UI', style='italic', variant='normal', weight=400, stretch='normal', size='scalable')) = 11.05
2025-03-25 04:20:33,663 - matplotlib.font_manager - DEBUG - findfont: score(FontEntry(fname='C:\\Windows\\Fonts\\palab.ttf', name='Palatino Linotype', style='normal', variant='normal', weight=700, stretch='normal', size='scalable')) = 10.335
2025-03-25 04:20:33,664 - matplotlib.font_manager - DEBUG - findfont: score(FontEntry(fname='C:\\Windows\\Fonts\\trebucbd.ttf', name='Trebuchet MS', style='normal', variant='normal', weight=700, stretch='normal', size='scalable')) = 10.335
2025-03-25 04:20:33,664 - matplotlib.font_manager - DEBUG - findfont: score(FontEntry(fname='C:\\Windows\\Fonts\\STHUPO.TTF', name='STHupo', style='normal', variant='normal', weight=400, stretch='normal', size='scalable')) = 10.05
2025-03-25 04:20:33,665 - matplotlib.font_manager - DEBUG - findfont: score(FontEntry(fname='C:\\Windows\\Fonts\\ITCEDSCR.TTF', name='Edwardian Script ITC', style='normal', variant='normal', weight=400, stretch='normal', size='scalable')) = 10.05
2025-03-25 04:20:33,666 - matplotlib.font_manager - DEBUG - findfont: score(FontEntry(fname='C:\\Windows\\Fonts\\msjhbd.ttc', name='Microsoft JhengHei', style='normal', variant='normal', weight=700, stretch='normal', size='scalable')) = 10.335
2025-03-25 04:20:33,667 - matplotlib.font_manager - DEBUG - findfont: score(FontEntry(fname='C:\\Windows\\Fonts\\corbelli.ttf', name='Corbel', style='italic', variant='normal', weight=300, stretch='normal', size='scalable')) = 11.145
2025-03-25 04:20:33,667 - matplotlib.font_manager - DEBUG - findfont: score(FontEntry(fname='C:\\Windows\\Fonts\\consolab.ttf', name='Consolas', style='normal', variant='normal', weight=700, stretch='normal', size='scalable')) = 10.335
2025-03-25 04:20:33,668 - matplotlib.font_manager - DEBUG - findfont: score(FontEntry(fname='C:\\Windows\\Fonts\\Candarai.ttf', name='Candara', style='italic', variant='normal', weight=400, stretch='normal', size='scalable')) = 11.05
2025-03-25 04:20:33,669 - matplotlib.font_manager - DEBUG - findfont: score(FontEntry(fname='C:\\Windows\\Fonts\\ROGFonts-Regular.otf', name='ROG Fonts', style='normal', variant='normal', weight=400, stretch='normal', size='scalable')) = 10.05
2025-03-25 04:20:33,669 - matplotlib.font_manager - DEBUG - findfont: score(FontEntry(fname='C:\\Windows\\Fonts\\seguisbi.ttf', name='Segoe UI', style='italic', variant='normal', weight=600, stretch='normal', size='scalable')) = 11.24
2025-03-25 04:20:33,669 - matplotlib.font_manager - DEBUG - findfont: score(FontEntry(fname='C:\\Windows\\Fonts\\WINGDNG3.TTF', name='Wingdings 3', style='normal', variant='normal', weight=400, stretch='normal', size='scalable')) = 10.05
2025-03-25 04:20:33,669 - matplotlib.font_manager - DEBUG - findfont: score(FontEntry(fname='C:\\Windows\\Fonts\\LTYPE.TTF', name='Lucida Sans Typewriter', style='normal', variant='normal', weight=400, stretch='normal', size='scalable')) = 10.05
2025-03-25 04:20:33,669 - matplotlib.font_manager - DEBUG - findfont: score(FontEntry(fname='C:\\Windows\\Fonts\\SegoeIcons.ttf', name='Segoe Fluent Icons', style='normal', variant='normal', weight=400, stretch='normal', size='scalable')) = 10.05
2025-03-25 04:20:33,669 - matplotlib.font_manager - DEBUG - findfont: score(FontEntry(fname='C:\\Windows\\Fonts\\consolaz.ttf', name='Consolas', style='italic', variant='normal', weight=700, stretch='normal', size='scalable')) = 11.335
2025-03-25 04:20:33,670 - matplotlib.font_manager - DEBUG - findfont: score(FontEntry(fname='C:\\Windows\\Fonts\\malgun.ttf', name='Malgun Gothic', style='normal', variant='normal', weight=400, stretch='normal', size='scalable')) = 10.05
2025-03-25 04:20:33,670 - matplotlib.font_manager - DEBUG - findfont: score(FontEntry(fname='C:\\Windows\\Fonts\\corbelb.ttf', name='Corbel', style='normal', variant='normal', weight=700, stretch='normal', size='scalable')) = 10.335
2025-03-25 04:20:33,670 - matplotlib.font_manager - DEBUG - findfont: score(FontEntry(fname='C:\\Windows\\Fonts\\CENTAUR.TTF', name='Centaur', style='normal', variant='normal', weight=400, stretch='normal', size='scalable')) = 10.05
2025-03-25 04:20:33,670 - matplotlib.font_manager - DEBUG - findfont: score(FontEntry(fname='C:\\Windows\\Fonts\\TCCB____.TTF', name='Tw Cen MT Condensed', style='normal', variant='normal', weight=700, stretch='condensed', size='scalable')) = 10.535
2025-03-25 04:20:33,671 - matplotlib.font_manager - DEBUG - findfont: score(FontEntry(fname='C:\\Windows\\Fonts\\verdana.ttf', name='Verdana', style='normal', variant='normal', weight=400, stretch='normal', size='scalable')) = 3.6863636363636365
2025-03-25 04:20:33,671 - matplotlib.font_manager - DEBUG - findfont: score(FontEntry(fname='C:\\Windows\\Fonts\\FTLTLT.TTF', name='Footlight MT Light', style='normal', variant='normal', weight=300, stretch='normal', size='scalable')) = 10.145
2025-03-25 04:20:33,672 - matplotlib.font_manager - DEBUG - findfont: score(FontEntry(fname='C:\\Windows\\Fonts\\FRSCRIPT.TTF', name='French Script MT', style='normal', variant='normal', weight=400, stretch='normal', size='scalable')) = 10.05
2025-03-25 04:20:33,672 - matplotlib.font_manager - DEBUG - findfont: score(FontEntry(fname='C:\\Windows\\Fonts\\msyi.ttf', name='Microsoft Yi Baiti', style='normal', variant='normal', weight=400, stretch='normal', size='scalable')) = 10.05
2025-03-25 04:20:33,672 - matplotlib.font_manager - DEBUG - findfont: score(FontEntry(fname='C:\\Windows\\Fonts\\STFANGSO.TTF', name='STFangsong', style='normal', variant='normal', weight=400, stretch='normal', size='scalable')) = 10.05
2025-03-25 04:20:33,673 - matplotlib.font_manager - DEBUG - findfont: score(FontEntry(fname='C:\\Windows\\Fonts\\seguibli.ttf', name='Segoe UI', style='italic', variant='normal', weight=900, stretch='normal', size='scalable')) = 11.525
2025-03-25 04:20:33,673 - matplotlib.font_manager - DEBUG - findfont: score(FontEntry(fname='C:\\Windows\\Fonts\\KUNSTLER.TTF', name='Kunstler Script', style='normal', variant='normal', weight=400, stretch='normal', size='scalable')) = 10.05
2025-03-25 04:20:33,673 - matplotlib.font_manager - DEBUG - findfont: score(FontEntry(fname='C:\\Windows\\Fonts\\ITCBLKAD.TTF', name='Blackadder ITC', style='normal', variant='normal', weight=400, stretch='normal', size='scalable')) = 10.05
2025-03-25 04:20:33,674 - matplotlib.font_manager - DEBUG - findfont: score(FontEntry(fname='C:\\Windows\\Fonts\\BOD_CI.TTF', name='Bodoni MT', style='italic', variant='normal', weight=400, stretch='condensed', size='scalable')) = 11.25
2025-03-25 04:20:33,674 - matplotlib.font_manager - DEBUG - findfont: score(FontEntry(fname='C:\\Windows\\Fonts\\BOOKOSI.TTF', name='Bookman Old Style', style='italic', variant='normal', weight=300, stretch='normal', size='scalable')) = 11.145
2025-03-25 04:20:33,674 - matplotlib.font_manager - DEBUG - findfont: score(FontEntry(fname='C:\\Windows\\Fonts\\FREESCPT.TTF', name='Freestyle Script', style='normal', variant='normal', weight=400, stretch='normal', size='scalable')) = 10.05
2025-03-25 04:20:33,675 - matplotlib.font_manager - DEBUG - findfont: score(FontEntry(fname='C:\\Windows\\Fonts\\LEELAWDB.TTF', name='Leelawadee', style='normal', variant='normal', weight=700, stretch='normal', size='scalable')) = 10.335
2025-03-25 04:20:33,675 - matplotlib.font_manager - DEBUG - findfont: score(FontEntry(fname='C:\\Windows\\Fonts\\corbeli.ttf', name='Corbel', style='italic', variant='normal', weight=400, stretch='normal', size='scalable')) = 11.05
2025-03-25 04:20:33,675 - matplotlib.font_manager - DEBUG - findfont: score(FontEntry(fname='C:\\Windows\\Fonts\\FRADMIT.TTF', name='Franklin Gothic Demi', style='italic', variant='normal', weight=400, stretch='normal', size='scalable')) = 11.05
2025-03-25 04:20:33,676 - matplotlib.font_manager - DEBUG - findfont: score(FontEntry(fname='C:\\Windows\\Fonts\\BOOKOSB.TTF', name='Bookman Old Style', style='normal', variant='normal', weight=600, stretch='normal', size='scalable')) = 10.24
2025-03-25 04:20:33,676 - matplotlib.font_manager - DEBUG - findfont: score(FontEntry(fname='C:\\Windows\\Fonts\\TCCM____.TTF', name='Tw Cen MT Condensed', style='normal', variant='normal', weight=400, stretch='condensed', size='scalable')) = 10.25
2025-03-25 04:20:33,676 - matplotlib.font_manager - DEBUG - findfont: score(FontEntry(fname='C:\\Windows\\Fonts\\STXIHEI.TTF', name='STXihei', style='normal', variant='normal', weight=400, stretch='normal', size='scalable')) = 10.05
2025-03-25 04:20:33,676 - matplotlib.font_manager - DEBUG - findfont: score(FontEntry(fname='C:\\Windows\\Fonts\\tahomabd.ttf', name='Tahoma', style='normal', variant='normal', weight=700, stretch='normal', size='scalable')) = 10.335
2025-03-25 04:20:33,676 - matplotlib.font_manager - DEBUG - findfont: score(FontEntry(fname='C:\\Users\\ROG\\AppData\\Local\\Microsoft\\Windows\\Fonts\\fontawesome5-regular-webfont.ttf', name='Font Awesome 5 Free Regular', style='normal', variant='normal', weight=400, stretch='normal', size='scalable')) = 10.05
2025-03-25 04:20:33,678 - matplotlib.font_manager - DEBUG - findfont: score(FontEntry(fname='C:\\Windows\\Fonts\\GOTHIC.TTF', name='Century Gothic', style='normal', variant='normal', weight=400, stretch='normal', size='scalable')) = 10.05
2025-03-25 04:20:33,678 - matplotlib.font_manager - DEBUG - findfont: score(FontEntry(fname='C:\\Windows\\Fonts\\SegUIVar.ttf', name='Segoe UI Variable', style='normal', variant='normal', weight=400, stretch='normal', size='scalable')) = 10.05
2025-03-25 04:20:33,678 - matplotlib.font_manager - DEBUG - findfont: score(FontEntry(fname='C:\\Windows\\Fonts\\georgiab.ttf', name='Georgia', style='normal', variant='normal', weight=700, stretch='normal', size='scalable')) = 10.335
2025-03-25 04:20:33,678 - matplotlib.font_manager - DEBUG - findfont: score(FontEntry(fname='C:\\Windows\\Fonts\\YuGothL.ttc', name='Yu Gothic', style='normal', variant='normal', weight=300, stretch='normal', size='scalable')) = 10.145
2025-03-25 04:20:33,679 - matplotlib.font_manager - DEBUG - findfont: score(FontEntry(fname='C:\\Windows\\Fonts\\PERTILI.TTF', name='Perpetua Titling MT', style='normal', variant='normal', weight=300, stretch='normal', size='scalable')) = 10.145
2025-03-25 04:20:33,679 - matplotlib.font_manager - DEBUG - findfont: score(FontEntry(fname='C:\\Windows\\Fonts\\monbaiti.ttf', name='Mongolian Baiti', style='normal', variant='normal', weight=400, stretch='normal', size='scalable')) = 10.05
2025-03-25 04:20:33,680 - matplotlib.font_manager - DEBUG - findfont: score(FontEntry(fname='C:\\Windows\\Fonts\\SitkaVF-Italic.ttf', name='Sitka', style='italic', variant='normal', weight=400, stretch='normal', size='scalable')) = 11.05
2025-03-25 04:20:33,680 - matplotlib.font_manager - DEBUG - findfont: score(FontEntry(fname='C:\\Windows\\Fonts\\GILC____.TTF', name='Gill Sans MT Condensed', style='normal', variant='normal', weight=400, stretch='condensed', size='scalable')) = 10.25
2025-03-25 04:20:33,680 - matplotlib.font_manager - DEBUG - findfont: score(FontEntry(fname='C:\\Windows\\Fonts\\SansSerifCollection.ttf', name='Sans Serif Collection', style='normal', variant='normal', weight=400, stretch='normal', size='scalable')) = 10.05
2025-03-25 04:20:33,681 - matplotlib.font_manager - DEBUG - findfont: score(FontEntry(fname='C:\\Windows\\Fonts\\BERNHC.TTF', name='Bernard MT Condensed', style='normal', variant='normal', weight=400, stretch='condensed', size='scalable')) = 10.25
2025-03-25 04:20:33,681 - matplotlib.font_manager - DEBUG - findfont: score(FontEntry(fname='C:\\Windows\\Fonts\\LFAXDI.TTF', name='Lucida Fax', style='italic', variant='normal', weight=600, stretch='normal', size='scalable')) = 11.24
2025-03-25 04:20:33,681 - matplotlib.font_manager - DEBUG - findfont: score(FontEntry(fname='C:\\Windows\\Fonts\\trebucbi.ttf', name='Trebuchet MS', style='italic', variant='normal', weight=700, stretch='normal', size='scalable')) = 11.335
2025-03-25 04:20:33,682 - matplotlib.font_manager - DEBUG - findfont: score(FontEntry(fname='C:\\Windows\\Fonts\\RAVIE.TTF', name='Ravie', style='normal', variant='normal', weight=400, stretch='normal', size='scalable')) = 10.05
2025-03-25 04:20:33,682 - matplotlib.font_manager - DEBUG - findfont: score(FontEntry(fname='C:\\Windows\\Fonts\\l_10646.ttf', name='Lucida Sans Unicode', style='normal', variant='normal', weight=400, stretch='normal', size='scalable')) = 10.05
2025-03-25 04:20:33,682 - matplotlib.font_manager - DEBUG - findfont: score(FontEntry(fname='C:\\Windows\\Fonts\\FRABKIT.TTF', name='Franklin Gothic Book', style='italic', variant='normal', weight=400, stretch='normal', size='scalable')) = 11.05
2025-03-25 04:20:33,683 - matplotlib.font_manager - DEBUG - findfont: score(FontEntry(fname='C:\\Windows\\Fonts\\cour.ttf', name='Courier New', style='normal', variant='normal', weight=400, stretch='normal', size='scalable')) = 10.05
2025-03-25 04:20:33,684 - matplotlib.font_manager - DEBUG - findfont: score(FontEntry(fname='C:\\Windows\\Fonts\\COPRGTL.TTF', name='Copperplate Gothic Light', style='normal', variant='normal', weight=400, stretch='normal', size='scalable')) = 10.05
2025-03-25 04:20:33,684 - matplotlib.font_manager - DEBUG - findfont: score(FontEntry(fname='C:\\Windows\\Fonts\\MATURASC.TTF', name='Matura MT Script Capitals', style='normal', variant='normal', weight=400, stretch='normal', size='scalable')) = 10.05
2025-03-25 04:20:33,684 - matplotlib.font_manager - DEBUG - findfont: score(FontEntry(fname='C:\\Windows\\Fonts\\constani.ttf', name='Constantia', style='italic', variant='normal', weight=400, stretch='normal', size='scalable')) = 11.05
2025-03-25 04:20:33,684 - matplotlib.font_manager - DEBUG - findfont: score(FontEntry(fname='C:\\Windows\\Fonts\\ALGER.TTF', name='Algerian', style='normal', variant='normal', weight=400, stretch='normal', size='scalable')) = 10.05
2025-03-25 04:20:33,685 - matplotlib.font_manager - DEBUG - findfont: score(FontEntry(fname='C:\\Windows\\Fonts\\Gabriola.ttf', name='Gabriola', style='normal', variant='normal', weight=400, stretch='normal', size='scalable')) = 10.05
2025-03-25 04:20:33,685 - matplotlib.font_manager - DEBUG - findfont: score(FontEntry(fname='C:\\Windows\\Fonts\\ARLRDBD.TTF', name='Arial Rounded MT Bold', style='normal', variant='normal', weight=400, stretch='normal', size='scalable')) = 10.05
2025-03-25 04:20:33,685 - matplotlib.font_manager - DEBUG - findfont: score(FontEntry(fname='C:\\Users\\ROG\\AppData\\Local\\Microsoft\\Windows\\Fonts\\elusiveicons-webfont.ttf', name='elusiveicons', style='normal', variant='normal', weight=500, stretch='normal', size='scalable')) = 10.145
2025-03-25 04:20:33,685 - matplotlib.font_manager - DEBUG - findfont: score(FontEntry(fname='C:\\Windows\\Fonts\\seguihis.ttf', name='Segoe UI Historic', style='normal', variant='normal', weight=400, stretch='normal', size='scalable')) = 10.05
2025-03-25 04:20:33,686 - matplotlib.font_manager - DEBUG - findfont: score(FontEntry(fname='C:\\Windows\\Fonts\\BOD_BLAI.TTF', name='Bodoni MT', style='italic', variant='normal', weight=900, stretch='normal', size='scalable')) = 11.525
2025-03-25 04:20:33,686 - matplotlib.font_manager - DEBUG - findfont: score(FontEntry(fname='C:\\Windows\\Fonts\\seguibl.ttf', name='Segoe UI', style='normal', variant='normal', weight=900, stretch='normal', size='scalable')) = 10.525
2025-03-25 04:20:33,686 - matplotlib.font_manager - DEBUG - findfont: score(FontEntry(fname='C:\\Windows\\Fonts\\impact.ttf', name='Impact', style='normal', variant='normal', weight=400, stretch='normal', size='scalable')) = 10.05
2025-03-25 04:20:33,687 - matplotlib.font_manager - DEBUG - findfont: score(FontEntry(fname='C:\\Windows\\Fonts\\FRAHVIT.TTF', name='Franklin Gothic Heavy', style='italic', variant='normal', weight=400, stretch='normal', size='scalable')) = 11.05
2025-03-25 04:20:33,687 - matplotlib.font_manager - DEBUG - findfont: score(FontEntry(fname='C:\\Windows\\Fonts\\MSUIGHUB.TTF', name='Microsoft Uighur', style='normal', variant='normal', weight=700, stretch='normal', size='scalable')) = 10.335
2025-03-25 04:20:33,687 - matplotlib.font_manager - DEBUG - findfont: score(FontEntry(fname='C:\\Windows\\Fonts\\couri.ttf', name='Courier New', style='italic', variant='normal', weight=400, stretch='normal', size='scalable')) = 11.05
2025-03-25 04:20:33,688 - matplotlib.font_manager - DEBUG - findfont: score(FontEntry(fname='C:\\Windows\\Fonts\\MAGNETOB.TTF', name='Magneto', style='normal', variant='normal', weight=700, stretch='normal', size='scalable')) = 10.335
2025-03-25 04:20:33,688 - matplotlib.font_manager - DEBUG - findfont: score(FontEntry(fname='C:\\Windows\\Fonts\\CALISTB.TTF', name='Calisto MT', style='normal', variant='normal', weight=700, stretch='normal', size='scalable')) = 10.335
2025-03-25 04:20:33,689 - matplotlib.font_manager - DEBUG - findfont: score(FontEntry(fname='C:\\Windows\\Fonts\\mmrtext.ttf', name='Myanmar Text', style='normal', variant='normal', weight=400, stretch='normal', size='scalable')) = 10.05
2025-03-25 04:20:33,689 - matplotlib.font_manager - DEBUG - findfont: score(FontEntry(fname='C:\\Windows\\Fonts\\STSONG.TTF', name='STSong', style='normal', variant='normal', weight=400, stretch='normal', size='scalable')) = 10.05
2025-03-25 04:20:33,689 - matplotlib.font_manager - DEBUG - findfont: score(FontEntry(fname='C:\\Windows\\Fonts\\trebuc.ttf', name='Trebuchet MS', style='normal', variant='normal', weight=400, stretch='normal', size='scalable')) = 10.05
2025-03-25 04:20:33,690 - matplotlib.font_manager - DEBUG - findfont: score(FontEntry(fname='C:\\Windows\\Fonts\\Candaraz.ttf', name='Candara', style='italic', variant='normal', weight=700, stretch='normal', size='scalable')) = 11.335
2025-03-25 04:20:33,690 - matplotlib.font_manager - DEBUG - findfont: score(FontEntry(fname='C:\\Windows\\Fonts\\CALIST.TTF', name='Calisto MT', style='normal', variant='normal', weight=400, stretch='normal', size='scalable')) = 10.05
2025-03-25 04:20:33,691 - matplotlib.font_manager - DEBUG - findfont: score(FontEntry(fname='C:\\Windows\\Fonts\\NirmalaB.ttf', name='Nirmala UI', style='normal', variant='normal', weight=700, stretch='normal', size='scalable')) = 10.335
2025-03-25 04:20:33,692 - matplotlib.font_manager - DEBUG - findfont: score(FontEntry(fname='C:\\Windows\\Fonts\\trebucit.ttf', name='Trebuchet MS', style='italic', variant='normal', weight=400, stretch='normal', size='scalable')) = 11.05
2025-03-25 04:20:33,692 - matplotlib.font_manager - DEBUG - findfont: score(FontEntry(fname='C:\\Windows\\Fonts\\Candarab.ttf', name='Candara', style='normal', variant='normal', weight=700, stretch='normal', size='scalable')) = 10.335
2025-03-25 04:20:33,692 - matplotlib.font_manager - DEBUG - findfont: score(FontEntry(fname='C:\\Windows\\Fonts\\DUBAI-BOLD.TTF', name='Dubai', style='normal', variant='normal', weight=700, stretch='normal', size='scalable')) = 10.335
2025-03-25 04:20:33,692 - matplotlib.font_manager - DEBUG - findfont: score(FontEntry(fname='C:\\Windows\\Fonts\\georgiai.ttf', name='Georgia', style='italic', variant='normal', weight=400, stretch='normal', size='scalable')) = 11.05
2025-03-25 04:20:33,693 - matplotlib.font_manager - DEBUG - findfont: score(FontEntry(fname='C:\\Windows\\Fonts\\HARNGTON.TTF', name='Harrington', style='normal', variant='normal', weight=400, stretch='normal', size='scalable')) = 10.05
2025-03-25 04:20:33,693 - matplotlib.font_manager - DEBUG - findfont: score(FontEntry(fname='C:\\Windows\\Fonts\\AGENCYR.TTF', name='Agency FB', style='normal', variant='normal', weight=400, stretch='normal', size='scalable')) = 10.05
2025-03-25 04:20:33,693 - matplotlib.font_manager - DEBUG - findfont: score(FontEntry(fname='C:\\Windows\\Fonts\\HATTEN.TTF', name='Haettenschweiler', style='normal', variant='normal', weight=400, stretch='normal', size='scalable')) = 10.05
2025-03-25 04:20:33,694 - matplotlib.font_manager - DEBUG - findfont: score(FontEntry(fname='C:\\Windows\\Fonts\\PLAYBILL.TTF', name='Playbill', style='normal', variant='normal', weight=400, stretch='normal', size='scalable')) = 10.05
2025-03-25 04:20:33,694 - matplotlib.font_manager - DEBUG - findfont: score(FontEntry(fname='C:\\Windows\\Fonts\\ROCKI.TTF', name='Rockwell', style='italic', variant='normal', weight=400, stretch='normal', size='scalable')) = 11.05
2025-03-25 04:20:33,694 - matplotlib.font_manager - DEBUG - findfont: score(FontEntry(fname='C:\\Windows\\Fonts\\COPRGTB.TTF', name='Copperplate Gothic Bold', style='normal', variant='normal', weight=400, stretch='normal', size='scalable')) = 10.05
2025-03-25 04:20:33,695 - matplotlib.font_manager - DEBUG - findfont: score(FontEntry(fname='C:\\Windows\\Fonts\\POORICH.TTF', name='Poor Richard', style='normal', variant='normal', weight=400, stretch='normal', size='scalable')) = 10.05
2025-03-25 04:20:33,695 - matplotlib.font_manager - DEBUG - findfont: score(FontEntry(fname='C:\\Windows\\Fonts\\msyhl.ttc', name='Microsoft YaHei', style='normal', variant='normal', weight=290, stretch='normal', size='scalable')) = 10.1545
2025-03-25 04:20:33,695 - matplotlib.font_manager - DEBUG - findfont: Matching sans\-serif:style=normal:variant=normal:weight=normal:stretch=normal:size=10.0 to DejaVu Sans ('C:\\Users\\ROG\\.conda\\envs\\quangstation\\Lib\\site-packages\\matplotlib\\mpl-data\\fonts\\ttf\\DejaVuSans.ttf') with score of 0.050000.
2025-03-25 04:20:33,720 - matplotlib.font_manager - DEBUG - findfont: Matching sans\-serif:style=normal:variant=normal:weight=normal:stretch=normal:size=12.0.
2025-03-25 04:20:33,721 - matplotlib.font_manager - DEBUG - findfont: score(FontEntry(fname='C:\\Users\\ROG\\.conda\\envs\\quangstation\\Lib\\site-packages\\matplotlib\\mpl-data\\fonts\\ttf\\STIXSizFourSymBol.ttf', name='STIXSizeFourSym', style='normal', variant='normal', weight=700, stretch='normal', size='scalable')) = 10.335
2025-03-25 04:20:33,721 - matplotlib.font_manager - DEBUG - findfont: score(FontEntry(fname='C:\\Users\\ROG\\.conda\\envs\\quangstation\\Lib\\site-packages\\matplotlib\\mpl-data\\fonts\\ttf\\DejaVuSerif.ttf', name='DejaVu Serif', style='normal', variant='normal', weight=400, stretch='normal', size='scalable')) = 10.05
2025-03-25 04:20:33,722 - matplotlib.font_manager - DEBUG - findfont: score(FontEntry(fname='C:\\Users\\ROG\\.conda\\envs\\quangstation\\Lib\\site-packages\\matplotlib\\mpl-data\\fonts\\ttf\\DejaVuSans-Bold.ttf', name='DejaVu Sans', style='normal', variant='normal', weight=700, stretch='normal', size='scalable')) = 0.33499999999999996
2025-03-25 04:20:33,722 - matplotlib.font_manager - DEBUG - findfont: score(FontEntry(fname='C:\\Users\\ROG\\.conda\\envs\\quangstation\\Lib\\site-packages\\matplotlib\\mpl-data\\fonts\\ttf\\cmsy10.ttf', name='cmsy10', style='normal', variant='normal', weight=400, stretch='normal', size='scalable')) = 10.05
2025-03-25 04:20:33,722 - matplotlib.font_manager - DEBUG - findfont: score(FontEntry(fname='C:\\Users\\ROG\\.conda\\envs\\quangstation\\Lib\\site-packages\\matplotlib\\mpl-data\\fonts\\ttf\\STIXSizThreeSymBol.ttf', name='STIXSizeThreeSym', style='normal', variant='normal', weight=700, stretch='normal', size='scalable')) = 10.335
2025-03-25 04:20:33,723 - matplotlib.font_manager - DEBUG - findfont: score(FontEntry(fname='C:\\Users\\ROG\\.conda\\envs\\quangstation\\Lib\\site-packages\\matplotlib\\mpl-data\\fonts\\ttf\\STIXSizTwoSymBol.ttf', name='STIXSizeTwoSym', style='normal', variant='normal', weight=700, stretch='normal', size='scalable')) = 10.335
2025-03-25 04:20:33,723 - matplotlib.font_manager - DEBUG - findfont: score(FontEntry(fname='C:\\Users\\ROG\\.conda\\envs\\quangstation\\Lib\\site-packages\\matplotlib\\mpl-data\\fonts\\ttf\\DejaVuSansMono-Oblique.ttf', name='DejaVu Sans Mono', style='oblique', variant='normal', weight=400, stretch='normal', size='scalable')) = 11.05
2025-03-25 04:20:33,723 - matplotlib.font_manager - DEBUG - findfont: score(FontEntry(fname='C:\\Users\\ROG\\.conda\\envs\\quangstation\\Lib\\site-packages\\matplotlib\\mpl-data\\fonts\\ttf\\DejaVuSans-Oblique.ttf', name='DejaVu Sans', style='oblique', variant='normal', weight=400, stretch='normal', size='scalable')) = 1.05
2025-03-25 04:20:33,723 - matplotlib.font_manager - DEBUG - findfont: score(FontEntry(fname='C:\\Users\\ROG\\.conda\\envs\\quangstation\\Lib\\site-packages\\matplotlib\\mpl-data\\fonts\\ttf\\cmtt10.ttf', name='cmtt10', style='normal', variant='normal', weight=400, stretch='normal', size='scalable')) = 10.05
2025-03-25 04:20:33,724 - matplotlib.font_manager - DEBUG - findfont: score(FontEntry(fname='C:\\Users\\ROG\\.conda\\envs\\quangstation\\Lib\\site-packages\\matplotlib\\mpl-data\\fonts\\ttf\\DejaVuSans.ttf', name='DejaVu Sans', style='normal', variant='normal', weight=400, stretch='normal', size='scalable')) = 0.05
2025-03-25 04:20:33,724 - matplotlib.font_manager - DEBUG - findfont: score(FontEntry(fname='C:\\Users\\ROG\\.conda\\envs\\quangstation\\Lib\\site-packages\\matplotlib\\mpl-data\\fonts\\ttf\\STIXSizOneSymBol.ttf', name='STIXSizeOneSym', style='normal', variant='normal', weight=700, stretch='normal', size='scalable')) = 10.335
2025-03-25 04:20:33,724 - matplotlib.font_manager - DEBUG - findfont: score(FontEntry(fname='C:\\Users\\ROG\\.conda\\envs\\quangstation\\Lib\\site-packages\\matplotlib\\mpl-data\\fonts\\ttf\\DejaVuSans-BoldOblique.ttf', name='DejaVu Sans', style='oblique', variant='normal', weight=700, stretch='normal', size='scalable')) = 1.335
2025-03-25 04:20:33,724 - matplotlib.font_manager - DEBUG - findfont: score(FontEntry(fname='C:\\Users\\ROG\\.conda\\envs\\quangstation\\Lib\\site-packages\\matplotlib\\mpl-data\\fonts\\ttf\\DejaVuSansMono.ttf', name='DejaVu Sans Mono', style='normal', variant='normal', weight=400, stretch='normal', size='scalable')) = 10.05
2025-03-25 04:20:33,725 - matplotlib.font_manager - DEBUG - findfont: score(FontEntry(fname='C:\\Users\\ROG\\.conda\\envs\\quangstation\\Lib\\site-packages\\matplotlib\\mpl-data\\fonts\\ttf\\DejaVuSerifDisplay.ttf', name='DejaVu Serif Display', style='normal', variant='normal', weight=400, stretch='normal', size='scalable')) = 10.05
2025-03-25 04:20:33,725 - matplotlib.font_manager - DEBUG - findfont: score(FontEntry(fname='C:\\Users\\ROG\\.conda\\envs\\quangstation\\Lib\\site-packages\\matplotlib\\mpl-data\\fonts\\ttf\\cmb10.ttf', name='cmb10', style='normal', variant='normal', weight=400, stretch='normal', size='scalable')) = 10.05
2025-03-25 04:20:33,725 - matplotlib.font_manager - DEBUG - findfont: score(FontEntry(fname='C:\\Users\\ROG\\.conda\\envs\\quangstation\\Lib\\site-packages\\matplotlib\\mpl-data\\fonts\\ttf\\STIXGeneral.ttf', name='STIXGeneral', style='normal', variant='normal', weight=400, stretch='normal', size='scalable')) = 10.05
2025-03-25 04:20:33,725 - matplotlib.font_manager - DEBUG - findfont: score(FontEntry(fname='C:\\Users\\ROG\\.conda\\envs\\quangstation\\Lib\\site-packages\\matplotlib\\mpl-data\\fonts\\ttf\\STIXSizFourSymReg.ttf', name='STIXSizeFourSym', style='normal', variant='normal', weight=400, stretch='normal', size='scalable')) = 10.05
2025-03-25 04:20:33,726 - matplotlib.font_manager - DEBUG - findfont: score(FontEntry(fname='C:\\Users\\ROG\\.conda\\envs\\quangstation\\Lib\\site-packages\\matplotlib\\mpl-data\\fonts\\ttf\\STIXGeneralBol.ttf', name='STIXGeneral', style='normal', variant='normal', weight=700, stretch='normal', size='scalable')) = 10.335
2025-03-25 04:20:33,726 - matplotlib.font_manager - DEBUG - findfont: score(FontEntry(fname='C:\\Users\\ROG\\.conda\\envs\\quangstation\\Lib\\site-packages\\matplotlib\\mpl-data\\fonts\\ttf\\STIXGeneralBolIta.ttf', name='STIXGeneral', style='italic', variant='normal', weight=700, stretch='normal', size='scalable')) = 11.335
2025-03-25 04:20:33,726 - matplotlib.font_manager - DEBUG - findfont: score(FontEntry(fname='C:\\Users\\ROG\\.conda\\envs\\quangstation\\Lib\\site-packages\\matplotlib\\mpl-data\\fonts\\ttf\\STIXNonUniIta.ttf', name='STIXNonUnicode', style='italic', variant='normal', weight=400, stretch='normal', size='scalable')) = 11.05
2025-03-25 04:20:33,727 - matplotlib.font_manager - DEBUG - findfont: score(FontEntry(fname='C:\\Users\\ROG\\.conda\\envs\\quangstation\\Lib\\site-packages\\matplotlib\\mpl-data\\fonts\\ttf\\STIXSizOneSymReg.ttf', name='STIXSizeOneSym', style='normal', variant='normal', weight=400, stretch='normal', size='scalable')) = 10.05
2025-03-25 04:20:33,727 - matplotlib.font_manager - DEBUG - findfont: score(FontEntry(fname='C:\\Users\\ROG\\.conda\\envs\\quangstation\\Lib\\site-packages\\matplotlib\\mpl-data\\fonts\\ttf\\STIXSizTwoSymReg.ttf', name='STIXSizeTwoSym', style='normal', variant='normal', weight=400, stretch='normal', size='scalable')) = 10.05
2025-03-25 04:20:33,727 - matplotlib.font_manager - DEBUG - findfont: score(FontEntry(fname='C:\\Users\\ROG\\.conda\\envs\\quangstation\\Lib\\site-packages\\matplotlib\\mpl-data\\fonts\\ttf\\cmmi10.ttf', name='cmmi10', style='normal', variant='normal', weight=400, stretch='normal', size='scalable')) = 10.05
2025-03-25 04:20:33,727 - matplotlib.font_manager - DEBUG - findfont: score(FontEntry(fname='C:\\Users\\ROG\\.conda\\envs\\quangstation\\Lib\\site-packages\\matplotlib\\mpl-data\\fonts\\ttf\\STIXGeneralItalic.ttf', name='STIXGeneral', style='italic', variant='normal', weight=400, stretch='normal', size='scalable')) = 11.05
2025-03-25 04:20:33,728 - matplotlib.font_manager - DEBUG - findfont: score(FontEntry(fname='C:\\Users\\ROG\\.conda\\envs\\quangstation\\Lib\\site-packages\\matplotlib\\mpl-data\\fonts\\ttf\\cmss10.ttf', name='cmss10', style='normal', variant='normal', weight=400, stretch='normal', size='scalable')) = 10.05
2025-03-25 04:20:33,728 - matplotlib.font_manager - DEBUG - findfont: score(FontEntry(fname='C:\\Users\\ROG\\.conda\\envs\\quangstation\\Lib\\site-packages\\matplotlib\\mpl-data\\fonts\\ttf\\STIXSizFiveSymReg.ttf', name='STIXSizeFiveSym', style='normal', variant='normal', weight=400, stretch='normal', size='scalable')) = 10.05
2025-03-25 04:20:33,728 - matplotlib.font_manager - DEBUG - findfont: score(FontEntry(fname='C:\\Users\\ROG\\.conda\\envs\\quangstation\\Lib\\site-packages\\matplotlib\\mpl-data\\fonts\\ttf\\DejaVuSerif-BoldItalic.ttf', name='DejaVu Serif', style='italic', variant='normal', weight=700, stretch='normal', size='scalable')) = 11.335
2025-03-25 04:20:33,729 - matplotlib.font_manager - DEBUG - findfont: score(FontEntry(fname='C:\\Users\\ROG\\.conda\\envs\\quangstation\\Lib\\site-packages\\matplotlib\\mpl-data\\fonts\\ttf\\cmex10.ttf', name='cmex10', style='normal', variant='normal', weight=400, stretch='normal', size='scalable')) = 10.05
2025-03-25 04:20:33,729 - matplotlib.font_manager - DEBUG - findfont: score(FontEntry(fname='C:\\Users\\ROG\\.conda\\envs\\quangstation\\Lib\\site-packages\\matplotlib\\mpl-data\\fonts\\ttf\\DejaVuSansDisplay.ttf', name='DejaVu Sans Display', style='normal', variant='normal', weight=400, stretch='normal', size='scalable')) = 10.05
2025-03-25 04:20:33,729 - matplotlib.font_manager - DEBUG - findfont: score(FontEntry(fname='C:\\Users\\ROG\\.conda\\envs\\quangstation\\Lib\\site-packages\\matplotlib\\mpl-data\\fonts\\ttf\\STIXNonUniBolIta.ttf', name='STIXNonUnicode', style='italic', variant='normal', weight=700, stretch='normal', size='scalable')) = 11.335
2025-03-25 04:20:33,729 - matplotlib.font_manager - DEBUG - findfont: score(FontEntry(fname='C:\\Users\\ROG\\.conda\\envs\\quangstation\\Lib\\site-packages\\matplotlib\\mpl-data\\fonts\\ttf\\STIXNonUniBol.ttf', name='STIXNonUnicode', style='normal', variant='normal', weight=700, stretch='normal', size='scalable')) = 10.335
2025-03-25 04:20:33,730 - matplotlib.font_manager - DEBUG - findfont: score(FontEntry(fname='C:\\Users\\ROG\\.conda\\envs\\quangstation\\Lib\\site-packages\\matplotlib\\mpl-data\\fonts\\ttf\\DejaVuSerif-Bold.ttf', name='DejaVu Serif', style='normal', variant='normal', weight=700, stretch='normal', size='scalable')) = 10.335
2025-03-25 04:20:33,730 - matplotlib.font_manager - DEBUG - findfont: score(FontEntry(fname='C:\\Users\\ROG\\.conda\\envs\\quangstation\\Lib\\site-packages\\matplotlib\\mpl-data\\fonts\\ttf\\STIXSizThreeSymReg.ttf', name='STIXSizeThreeSym', style='normal', variant='normal', weight=400, stretch='normal', size='scalable')) = 10.05
2025-03-25 04:20:33,730 - matplotlib.font_manager - DEBUG - findfont: score(FontEntry(fname='C:\\Users\\ROG\\.conda\\envs\\quangstation\\Lib\\site-packages\\matplotlib\\mpl-data\\fonts\\ttf\\DejaVuSansMono-Bold.ttf', name='DejaVu Sans Mono', style='normal', variant='normal', weight=700, stretch='normal', size='scalable')) = 10.335
2025-03-25 04:20:33,730 - matplotlib.font_manager - DEBUG - findfont: score(FontEntry(fname='C:\\Users\\ROG\\.conda\\envs\\quangstation\\Lib\\site-packages\\matplotlib\\mpl-data\\fonts\\ttf\\STIXNonUni.ttf', name='STIXNonUnicode', style='normal', variant='normal', weight=400, stretch='normal', size='scalable')) = 10.05
2025-03-25 04:20:33,731 - matplotlib.font_manager - DEBUG - findfont: score(FontEntry(fname='C:\\Users\\ROG\\.conda\\envs\\quangstation\\Lib\\site-packages\\matplotlib\\mpl-data\\fonts\\ttf\\DejaVuSerif-Italic.ttf', name='DejaVu Serif', style='italic', variant='normal', weight=400, stretch='normal', size='scalable')) = 11.05
2025-03-25 04:20:33,731 - matplotlib.font_manager - DEBUG - findfont: score(FontEntry(fname='C:\\Users\\ROG\\.conda\\envs\\quangstation\\Lib\\site-packages\\matplotlib\\mpl-data\\fonts\\ttf\\cmr10.ttf', name='cmr10', style='normal', variant='normal', weight=400, stretch='normal', size='scalable')) = 10.05
2025-03-25 04:20:33,731 - matplotlib.font_manager - DEBUG - findfont: score(FontEntry(fname='C:\\Users\\ROG\\.conda\\envs\\quangstation\\Lib\\site-packages\\matplotlib\\mpl-data\\fonts\\ttf\\DejaVuSansMono-BoldOblique.ttf', name='DejaVu Sans Mono', style='oblique', variant='normal', weight=700, stretch='normal', size='scalable')) = 11.335
2025-03-25 04:20:33,731 - matplotlib.font_manager - DEBUG - findfont: score(FontEntry(fname='C:\\Windows\\Fonts\\taileb.ttf', name='Microsoft Tai Le', style='normal', variant='normal', weight=700, stretch='normal', size='scalable')) = 10.335
2025-03-25 04:20:33,731 - matplotlib.font_manager - DEBUG - findfont: score(FontEntry(fname='C:\\Windows\\Fonts\\verdanaz.ttf', name='Verdana', style='italic', variant='normal', weight=700, stretch='normal', size='scalable')) = 4.971363636363637
2025-03-25 04:20:33,731 - matplotlib.font_manager - DEBUG - findfont: score(FontEntry(fname='C:\\Windows\\Fonts\\segoepr.ttf', name='Segoe Print', style='normal', variant='normal', weight=400, stretch='normal', size='scalable')) = 10.05
2025-03-25 04:20:33,732 - matplotlib.font_manager - DEBUG - findfont: score(FontEntry(fname='C:\\Windows\\Fonts\\ANTQUAI.TTF', name='Book Antiqua', style='italic', variant='normal', weight=400, stretch='normal', size='scalable')) = 11.05
2025-03-25 04:20:33,732 - matplotlib.font_manager - DEBUG - findfont: score(FontEntry(fname='C:\\Windows\\Fonts\\ROCKBI.TTF', name='Rockwell', style='italic', variant='normal', weight=700, stretch='normal', size='scalable')) = 11.335
2025-03-25 04:20:33,732 - matplotlib.font_manager - DEBUG - findfont: score(FontEntry(fname='C:\\Windows\\Fonts\\BOD_R.TTF', name='Bodoni MT', style='normal', variant='normal', weight=400, stretch='normal', size='scalable')) = 10.05
2025-03-25 04:20:33,732 - matplotlib.font_manager - DEBUG - findfont: score(FontEntry(fname='C:\\Windows\\Fonts\\BOD_I.TTF', name='Bodoni MT', style='italic', variant='normal', weight=400, stretch='normal', size='scalable')) = 11.05
2025-03-25 04:20:33,732 - matplotlib.font_manager - DEBUG - findfont: score(FontEntry(fname='C:\\Windows\\Fonts\\ROCKB.TTF', name='Rockwell', style='normal', variant='normal', weight=700, stretch='normal', size='scalable')) = 10.335
2025-03-25 04:20:33,732 - matplotlib.font_manager - DEBUG - findfont: score(FontEntry(fname='C:\\Windows\\Fonts\\VIVALDII.TTF', name='Vivaldi', style='italic', variant='normal', weight=400, stretch='normal', size='scalable')) = 11.05
2025-03-25 04:20:33,733 - matplotlib.font_manager - DEBUG - findfont: score(FontEntry(fname='C:\\Windows\\Fonts\\ITCKRIST.TTF', name='Kristen ITC', style='normal', variant='normal', weight=400, stretch='normal', size='scalable')) = 10.05
2025-03-25 04:20:33,733 - matplotlib.font_manager - DEBUG - findfont: score(FontEntry(fname='C:\\Windows\\Fonts\\TCMI____.TTF', name='Tw Cen MT', style='italic', variant='normal', weight=400, stretch='normal', size='scalable')) = 11.05
2025-03-25 04:20:33,733 - matplotlib.font_manager - DEBUG - findfont: score(FontEntry(fname='C:\\Windows\\Fonts\\seguili.ttf', name='Segoe UI', style='italic', variant='normal', weight=300, stretch='normal', size='scalable')) = 11.145
2025-03-25 04:20:33,733 - matplotlib.font_manager - DEBUG - findfont: score(FontEntry(fname='C:\\Windows\\Fonts\\LBRITED.TTF', name='Lucida Bright', style='normal', variant='normal', weight=600, stretch='normal', size='scalable')) = 10.24
2025-03-25 04:20:33,733 - matplotlib.font_manager - DEBUG - findfont: score(FontEntry(fname='C:\\Windows\\Fonts\\georgiaz.ttf', name='Georgia', style='italic', variant='normal', weight=700, stretch='normal', size='scalable')) = 11.335
2025-03-25 04:20:33,734 - matplotlib.font_manager - DEBUG - findfont: score(FontEntry(fname='C:\\Windows\\Fonts\\wingding.ttf', name='Wingdings', style='normal', variant='normal', weight=400, stretch='normal', size='scalable')) = 10.05
2025-03-25 04:20:33,734 - matplotlib.font_manager - DEBUG - findfont: score(FontEntry(fname='C:\\Windows\\Fonts\\segoeuiz.ttf', name='Segoe UI', style='italic', variant='normal', weight=700, stretch='normal', size='scalable')) = 11.335
2025-03-25 04:20:33,734 - matplotlib.font_manager - DEBUG - findfont: score(FontEntry(fname='C:\\Windows\\Fonts\\REFSPCL.TTF', name='MS Reference Specialty', style='normal', variant='normal', weight=400, stretch='normal', size='scalable')) = 10.05
2025-03-25 04:20:33,735 - matplotlib.font_manager - DEBUG - findfont: score(FontEntry(fname='C:\\Windows\\Fonts\\BRITANIC.TTF', name='Britannic Bold', style='normal', variant='normal', weight=400, stretch='normal', size='scalable')) = 10.05
2025-03-25 04:20:33,735 - matplotlib.font_manager - DEBUG - findfont: score(FontEntry(fname='C:\\Windows\\Fonts\\PALSCRI.TTF', name='Palace Script MT', style='normal', variant='normal', weight=400, stretch='normal', size='scalable')) = 10.05
2025-03-25 04:20:33,736 - matplotlib.font_manager - DEBUG - findfont: score(FontEntry(fname='C:\\Users\\ROG\\AppData\\Local\\Microsoft\\Windows\\Fonts\\codicon.ttf', name='codicon', style='normal', variant='normal', weight=400, stretch='normal', size='scalable')) = 10.05
2025-03-25 04:20:33,736 - matplotlib.font_manager - DEBUG - findfont: score(FontEntry(fname='C:\\Windows\\Fonts\\constan.ttf', name='Constantia', style='normal', variant='normal', weight=400, stretch='normal', size='scalable')) = 10.05
2025-03-25 04:20:33,736 - matplotlib.font_manager - DEBUG - findfont: score(FontEntry(fname='C:\\Windows\\Fonts\\pala.ttf', name='Palatino Linotype', style='normal', variant='normal', weight=400, stretch='normal', size='scalable')) = 10.05
2025-03-25 04:20:33,736 - matplotlib.font_manager - DEBUG - findfont: score(FontEntry(fname='C:\\Windows\\Fonts\\holomdl2.ttf', name='HoloLens MDL2 Assets', style='normal', variant='normal', weight=400, stretch='normal', size='scalable')) = 10.05
2025-03-25 04:20:33,736 - matplotlib.font_manager - DEBUG - findfont: score(FontEntry(fname='C:\\Windows\\Fonts\\seguisli.ttf', name='Segoe UI', style='italic', variant='normal', weight=350, stretch='normal', size='scalable')) = 11.0975
2025-03-25 04:20:33,736 - matplotlib.font_manager - DEBUG - findfont: score(FontEntry(fname='C:\\Windows\\Fonts\\Heebo-Regular.ttf', name='Heebo', style='normal', variant='normal', weight=400, stretch='normal', size='scalable')) = 10.05
2025-03-25 04:20:33,736 - matplotlib.font_manager - DEBUG - findfont: score(FontEntry(fname='C:\\Windows\\Fonts\\simsun.ttc', name='SimSun', style='normal', variant='normal', weight=400, stretch='normal', size='scalable')) = 10.05
2025-03-25 04:20:33,736 - matplotlib.font_manager - DEBUG - findfont: score(FontEntry(fname='C:\\Windows\\Fonts\\CALISTBI.TTF', name='Calisto MT', style='italic', variant='normal', weight=700, stretch='normal', size='scalable')) = 11.335
2025-03-25 04:20:33,736 - matplotlib.font_manager - DEBUG - findfont: score(FontEntry(fname='C:\\Windows\\Fonts\\BKANT.TTF', name='Book Antiqua', style='normal', variant='normal', weight=400, stretch='normal', size='scalable')) = 10.05
2025-03-25 04:20:33,736 - matplotlib.font_manager - DEBUG - findfont: score(FontEntry(fname='C:\\Windows\\Fonts\\FRADM.TTF', name='Franklin Gothic Demi', style='normal', variant='normal', weight=400, stretch='normal', size='scalable')) = 10.05
2025-03-25 04:20:33,736 - matplotlib.font_manager - DEBUG - findfont: score(FontEntry(fname='C:\\Windows\\Fonts\\LeelaUIb.ttf', name='Leelawadee UI', style='normal', variant='normal', weight=700, stretch='normal', size='scalable')) = 10.335
2025-03-25 04:20:33,736 - matplotlib.font_manager - DEBUG - findfont: score(FontEntry(fname='C:\\Windows\\Fonts\\HTOWERTI.TTF', name='High Tower Text', style='italic', variant='normal', weight=400, stretch='normal', size='scalable')) = 11.05
2025-03-25 04:20:33,736 - matplotlib.font_manager - DEBUG - findfont: score(FontEntry(fname='C:\\Users\\ROG\\AppData\\Local\\Microsoft\\Windows\\Fonts\\materialdesignicons5-webfont.ttf', name='Material Design Icons 5.9.55', style='normal', variant='normal', weight=400, stretch='normal', size='scalable')) = 10.05
2025-03-25 04:20:33,736 - matplotlib.font_manager - DEBUG - findfont: score(FontEntry(fname='C:\\Windows\\Fonts\\ARIALNI.TTF', name='Arial', style='italic', variant='normal', weight=400, stretch='condensed', size='scalable')) = 7.613636363636363
2025-03-25 04:20:33,736 - matplotlib.font_manager - DEBUG - findfont: score(FontEntry(fname='C:\\Windows\\Fonts\\GILLUBCD.TTF', name='Gill Sans Ultra Bold Condensed', style='normal', variant='normal', weight=400, stretch='condensed', size='scalable')) = 10.25
2025-03-25 04:20:33,736 - matplotlib.font_manager - DEBUG - findfont: score(FontEntry(fname='C:\\Windows\\Fonts\\malgunbd.ttf', name='Malgun Gothic', style='normal', variant='normal', weight=700, stretch='normal', size='scalable')) = 10.335
2025-03-25 04:20:33,742 - matplotlib.font_manager - DEBUG - findfont: score(FontEntry(fname='C:\\Windows\\Fonts\\GILI____.TTF', name='Gill Sans MT', style='italic', variant='normal', weight=400, stretch='normal', size='scalable')) = 11.05
2025-03-25 04:20:33,742 - matplotlib.font_manager - DEBUG - findfont: score(FontEntry(fname='C:\\Windows\\Fonts\\segoeuisl.ttf', name='Segoe UI', style='normal', variant='normal', weight=350, stretch='normal', size='scalable')) = 10.0975
2025-03-25 04:20:33,743 - matplotlib.font_manager - DEBUG - findfont: score(FontEntry(fname='C:\\Windows\\Fonts\\consola.ttf', name='Consolas', style='normal', variant='normal', weight=400, stretch='normal', size='scalable')) = 10.05
2025-03-25 04:20:33,743 - matplotlib.font_manager - DEBUG - findfont: score(FontEntry(fname='C:\\Windows\\Fonts\\BOD_CB.TTF', name='Bodoni MT', style='normal', variant='normal', weight=700, stretch='condensed', size='scalable')) = 10.535
2025-03-25 04:20:33,743 - matplotlib.font_manager - DEBUG - findfont: score(FontEntry(fname='C:\\Windows\\Fonts\\YuGothM.ttc', name='Yu Gothic', style='normal', variant='normal', weight=500, stretch='normal', size='scalable')) = 10.145
2025-03-25 04:20:33,744 - matplotlib.font_manager - DEBUG - findfont: score(FontEntry(fname='C:\\Windows\\Fonts\\calibrili.ttf', name='Calibri', style='italic', variant='normal', weight=300, stretch='normal', size='scalable')) = 11.145
2025-03-25 04:20:33,744 - matplotlib.font_manager - DEBUG - findfont: score(FontEntry(fname='C:\\Windows\\Fonts\\tahoma.ttf', name='Tahoma', style='normal', variant='normal', weight=400, stretch='normal', size='scalable')) = 10.05
2025-03-25 04:20:33,745 - matplotlib.font_manager - DEBUG - findfont: score(FontEntry(fname='C:\\Windows\\Fonts\\SIMLI.TTF', name='LiSu', style='normal', variant='normal', weight=400, stretch='normal', size='scalable')) = 10.05
2025-03-25 04:20:33,745 - matplotlib.font_manager - DEBUG - findfont: score(FontEntry(fname='C:\\Windows\\Fonts\\MTEXTRA.TTF', name='MT Extra', style='normal', variant='normal', weight=400, stretch='normal', size='scalable')) = 10.05
2025-03-25 04:20:33,746 - matplotlib.font_manager - DEBUG - findfont: score(FontEntry(fname='C:\\Windows\\Fonts\\palai.ttf', name='Palatino Linotype', style='italic', variant='normal', weight=400, stretch='normal', size='scalable')) = 11.05
2025-03-25 04:20:33,746 - matplotlib.font_manager - DEBUG - findfont: score(FontEntry(fname='C:\\Windows\\Fonts\\Nirmala.ttf', name='Nirmala UI', style='normal', variant='normal', weight=400, stretch='normal', size='scalable')) = 10.05
2025-03-25 04:20:33,747 - matplotlib.font_manager - DEBUG - findfont: score(FontEntry(fname='C:\\Windows\\Fonts\\DUBAI-MEDIUM.TTF', name='Dubai', style='normal', variant='normal', weight=500, stretch='normal', size='scalable')) = 10.145
2025-03-25 04:20:33,749 - matplotlib.font_manager - DEBUG - findfont: score(FontEntry(fname='C:\\Windows\\Fonts\\LSANSI.TTF', name='Lucida Sans', style='italic', variant='normal', weight=400, stretch='normal', size='scalable')) = 11.05
2025-03-25 04:20:33,750 - matplotlib.font_manager - DEBUG - findfont: score(FontEntry(fname='C:\\Windows\\Fonts\\ROCCB___.TTF', name='Rockwell Condensed', style='normal', variant='normal', weight=700, stretch='condensed', size='scalable')) = 10.535
2025-03-25 04:20:33,751 - matplotlib.font_manager - DEBUG - findfont: score(FontEntry(fname='C:\\Windows\\Fonts\\CascadiaMono.ttf', name='Cascadia Mono', style='normal', variant='normal', weight=400, stretch='normal', size='scalable')) = 10.05
2025-03-25 04:20:33,751 - matplotlib.font_manager - DEBUG - findfont: score(FontEntry(fname='C:\\Users\\ROG\\AppData\\Local\\Microsoft\\Windows\\Fonts\\fontawesome5-brands-webfont.ttf', name='Font Awesome 5 Brands', style='normal', variant='normal', weight=400, stretch='normal', size='scalable')) = 10.05
2025-03-25 04:20:33,752 - matplotlib.font_manager - DEBUG - findfont: score(FontEntry(fname='C:\\Windows\\Fonts\\ARIALNB.TTF', name='Arial', style='normal', variant='normal', weight=700, stretch='condensed', size='scalable')) = 6.8986363636363635
2025-03-25 04:20:33,752 - matplotlib.font_manager - DEBUG - findfont: score(FontEntry(fname='C:\\Users\\ROG\\AppData\\Local\\Microsoft\\Windows\\Fonts\\fontawesome4.7-webfont.ttf', name='FontAwesome', style='normal', variant='normal', weight=400, stretch='normal', size='scalable')) = 10.05
2025-03-25 04:20:33,753 - matplotlib.font_manager - DEBUG - findfont: score(FontEntry(fname='C:\\Windows\\Fonts\\framd.ttf', name='Franklin Gothic Medium', style='normal', variant='normal', weight=400, stretch='normal', size='scalable')) = 10.05
2025-03-25 04:20:33,753 - matplotlib.font_manager - DEBUG - findfont: score(FontEntry(fname='C:\\Windows\\Fonts\\GILB____.TTF', name='Gill Sans MT', style='normal', variant='normal', weight=700, stretch='normal', size='scalable')) = 10.335
2025-03-25 04:20:33,754 - matplotlib.font_manager - DEBUG - findfont: score(FontEntry(fname='C:\\Windows\\Fonts\\ROCKEB.TTF', name='Rockwell Extra Bold', style='normal', variant='normal', weight=800, stretch='normal', size='scalable')) = 10.43
2025-03-25 04:20:33,754 - matplotlib.font_manager - DEBUG - findfont: score(FontEntry(fname='C:\\Windows\\Fonts\\segmdl2.ttf', name='Segoe MDL2 Assets', style='normal', variant='normal', weight=400, stretch='normal', size='scalable')) = 10.05
2025-03-25 04:20:33,754 - matplotlib.font_manager - DEBUG - findfont: score(FontEntry(fname='C:\\Windows\\Fonts\\segoeprb.ttf', name='Segoe Print', style='normal', variant='normal', weight=700, stretch='normal', size='scalable')) = 10.335
2025-03-25 04:20:33,755 - matplotlib.font_manager - DEBUG - findfont: score(FontEntry(fname='C:\\Windows\\Fonts\\TCBI____.TTF', name='Tw Cen MT', style='italic', variant='normal', weight=700, stretch='normal', size='scalable')) = 11.335
2025-03-25 04:20:33,756 - matplotlib.font_manager - DEBUG - findfont: score(FontEntry(fname='C:\\Windows\\Fonts\\segoeuil.ttf', name='Segoe UI', style='normal', variant='normal', weight=300, stretch='normal', size='scalable')) = 10.145
2025-03-25 04:20:33,756 - matplotlib.font_manager - DEBUG - findfont: score(FontEntry(fname='C:\\Windows\\Fonts\\TCM_____.TTF', name='Tw Cen MT', style='normal', variant='normal', weight=400, stretch='normal', size='scalable')) = 10.05
2025-03-25 04:20:33,757 - matplotlib.font_manager - DEBUG - findfont: score(FontEntry(fname='C:\\Windows\\Fonts\\comicbd.ttf', name='Comic Sans MS', style='normal', variant='normal', weight=700, stretch='normal', size='scalable')) = 10.335
2025-03-25 04:20:33,757 - matplotlib.font_manager - DEBUG - findfont: score(FontEntry(fname='C:\\Windows\\Fonts\\phagspa.ttf', name='Microsoft PhagsPa', style='normal', variant='normal', weight=400, stretch='normal', size='scalable')) = 10.05
2025-03-25 04:20:33,758 - matplotlib.font_manager - DEBUG - findfont: score(FontEntry(fname='C:\\Windows\\Fonts\\LeelawUI.ttf', name='Leelawadee UI', style='normal', variant='normal', weight=400, stretch='normal', size='scalable')) = 10.05
2025-03-25 04:20:33,758 - matplotlib.font_manager - DEBUG - findfont: score(FontEntry(fname='C:\\Windows\\Fonts\\IMPRISHA.TTF', name='Imprint MT Shadow', style='normal', variant='normal', weight=400, stretch='normal', size='scalable')) = 10.05
2025-03-25 04:20:33,758 - matplotlib.font_manager - DEBUG - findfont: score(FontEntry(fname='C:\\Windows\\Fonts\\VLADIMIR.TTF', name='Vladimir Script', style='normal', variant='normal', weight=400, stretch='normal', size='scalable')) = 10.05
2025-03-25 04:20:33,759 - matplotlib.font_manager - DEBUG - findfont: score(FontEntry(fname='C:\\Windows\\Fonts\\CHILLER.TTF', name='Chiller', style='normal', variant='normal', weight=400, stretch='normal', size='scalable')) = 10.05
2025-03-25 04:20:33,759 - matplotlib.font_manager - DEBUG - findfont: score(FontEntry(fname='C:\\Windows\\Fonts\\GIL_____.TTF', name='Gill Sans MT', style='normal', variant='normal', weight=400, stretch='normal', size='scalable')) = 10.05
2025-03-25 04:20:33,759 - matplotlib.font_manager - DEBUG - findfont: score(FontEntry(fname='C:\\Windows\\Fonts\\YuGothB.ttc', name='Yu Gothic', style='normal', variant='normal', weight=700, stretch='normal', size='scalable')) = 10.335
2025-03-25 04:20:33,759 - matplotlib.font_manager - DEBUG - findfont: score(FontEntry(fname='C:\\Windows\\Fonts\\LHANDW.TTF', name='Lucida Handwriting', style='italic', variant='normal', weight=400, stretch='normal', size='scalable')) = 11.05
2025-03-25 04:20:33,759 - matplotlib.font_manager - DEBUG - findfont: score(FontEntry(fname='C:\\Windows\\Fonts\\GOUDOSB.TTF', name='Goudy Old Style', style='normal', variant='normal', weight=700, stretch='normal', size='scalable')) = 10.335
2025-03-25 04:20:33,759 - matplotlib.font_manager - DEBUG - findfont: score(FontEntry(fname='C:\\Windows\\Fonts\\seguiemj.ttf', name='Segoe UI Emoji', style='normal', variant='normal', weight=400, stretch='normal', size='scalable')) = 10.05
2025-03-25 04:20:33,760 - matplotlib.font_manager - DEBUG - findfont: score(FontEntry(fname='C:\\Windows\\Fonts\\seguisb.ttf', name='Segoe UI', style='normal', variant='normal', weight=600, stretch='normal', size='scalable')) = 10.24
2025-03-25 04:20:33,760 - matplotlib.font_manager - DEBUG - findfont: score(FontEntry(fname='C:\\Windows\\Fonts\\CascadiaCode.ttf', name='Cascadia Code', style='normal', variant='normal', weight=400, stretch='normal', size='scalable')) = 10.05
2025-03-25 04:20:33,760 - matplotlib.font_manager - DEBUG - findfont: score(FontEntry(fname='C:\\Windows\\Fonts\\lucon.ttf', name='Lucida Console', style='normal', variant='normal', weight=400, stretch='normal', size='scalable')) = 10.05
2025-03-25 04:20:33,761 - matplotlib.font_manager - DEBUG - findfont: score(FontEntry(fname='C:\\Windows\\Fonts\\calibrii.ttf', name='Calibri', style='italic', variant='normal', weight=400, stretch='normal', size='scalable')) = 11.05
2025-03-25 04:20:33,761 - matplotlib.font_manager - DEBUG - findfont: score(FontEntry(fname='C:\\Windows\\Fonts\\JUICE___.TTF', name='Juice ITC', style='normal', variant='normal', weight=400, stretch='normal', size='scalable')) = 10.05
2025-03-25 04:20:33,761 - matplotlib.font_manager - DEBUG - findfont: score(FontEntry(fname='C:\\Windows\\Fonts\\SIMYOU.TTF', name='YouYuan', style='normal', variant='normal', weight=400, stretch='normal', size='scalable')) = 10.05
2025-03-25 04:20:33,762 - matplotlib.font_manager - DEBUG - findfont: score(FontEntry(fname='C:\\Windows\\Fonts\\SNAP____.TTF', name='Snap ITC', style='normal', variant='normal', weight=400, stretch='normal', size='scalable')) = 10.05
2025-03-25 04:20:33,762 - matplotlib.font_manager - DEBUG - findfont: score(FontEntry(fname='C:\\Windows\\Fonts\\BOD_PSTC.TTF', name='Bodoni MT', style='normal', variant='normal', weight=300, stretch='normal', size='scalable')) = 10.145
2025-03-25 04:20:33,763 - matplotlib.font_manager - DEBUG - findfont: score(FontEntry(fname='C:\\Windows\\Fonts\\YuGothR.ttc', name='Yu Gothic', style='normal', variant='normal', weight=400, stretch='normal', size='scalable')) = 10.05
2025-03-25 04:20:33,763 - matplotlib.font_manager - DEBUG - findfont: score(FontEntry(fname='C:\\Windows\\Fonts\\COLONNA.TTF', name='Colonna MT', style='normal', variant='normal', weight=400, stretch='normal', size='scalable')) = 10.05
2025-03-25 04:20:33,763 - matplotlib.font_manager - DEBUG - findfont: score(FontEntry(fname='C:\\Windows\\Fonts\\Candaral.ttf', name='Candara', style='normal', variant='normal', weight=400, stretch='normal', size='scalable')) = 10.05
2025-03-25 04:20:33,765 - matplotlib.font_manager - DEBUG - findfont: score(FontEntry(fname='C:\\Windows\\Fonts\\msyh.ttc', name='Microsoft YaHei', style='normal', variant='normal', weight=400, stretch='normal', size='scalable')) = 10.05
2025-03-25 04:20:33,765 - matplotlib.font_manager - DEBUG - findfont: score(FontEntry(fname='C:\\Windows\\Fonts\\FZSTK.TTF', name='FZShuTi', style='normal', variant='normal', weight=400, stretch='normal', size='scalable')) = 10.05
2025-03-25 04:20:33,766 - matplotlib.font_manager - DEBUG - findfont: score(FontEntry(fname='C:\\Windows\\Fonts\\FELIXTI.TTF', name='Felix Titling', style='normal', variant='normal', weight=400, stretch='normal', size='scalable')) = 10.05
2025-03-25 04:20:33,766 - matplotlib.font_manager - DEBUG - findfont: score(FontEntry(fname='C:\\Windows\\Fonts\\ROCC____.TTF', name='Rockwell Condensed', style='normal', variant='normal', weight=400, stretch='condensed', size='scalable')) = 10.25
2025-03-25 04:20:33,767 - matplotlib.font_manager - DEBUG - findfont: score(FontEntry(fname='C:\\Windows\\Fonts\\GARA.TTF', name='Garamond', style='normal', variant='normal', weight=400, stretch='normal', size='scalable')) = 10.05
2025-03-25 04:20:33,767 - matplotlib.font_manager - DEBUG - findfont: score(FontEntry(fname='C:\\Users\\ROG\\AppData\\Local\\Microsoft\\Windows\\Fonts\\remixicon.ttf', name='remixicon', style='normal', variant='normal', weight=400, stretch='normal', size='scalable')) = 10.05
2025-03-25 04:20:33,767 - matplotlib.font_manager - DEBUG - findfont: score(FontEntry(fname='C:\\Windows\\Fonts\\TEMPSITC.TTF', name='Tempus Sans ITC', style='normal', variant='normal', weight=400, stretch='normal', size='scalable')) = 10.05
2025-03-25 04:20:33,768 - matplotlib.font_manager - DEBUG - findfont: score(FontEntry(fname='C:\\Windows\\Fonts\\LBRITE.TTF', name='Lucida Bright', style='normal', variant='normal', weight=400, stretch='normal', size='scalable')) = 10.05
2025-03-25 04:20:33,768 - matplotlib.font_manager - DEBUG - findfont: score(FontEntry(fname='C:\\Windows\\Fonts\\LTYPEB.TTF', name='Lucida Sans Typewriter', style='normal', variant='normal', weight=600, stretch='normal', size='scalable')) = 10.24
2025-03-25 04:20:33,768 - matplotlib.font_manager - DEBUG - findfont: score(FontEntry(fname='C:\\Windows\\Fonts\\STLITI.TTF', name='STLiti', style='normal', variant='normal', weight=400, stretch='normal', size='scalable')) = 10.05
2025-03-25 04:20:33,769 - matplotlib.font_manager - DEBUG - findfont: score(FontEntry(fname='C:\\Windows\\Fonts\\mmrtextb.ttf', name='Myanmar Text', style='normal', variant='normal', weight=700, stretch='normal', size='scalable')) = 10.335
2025-03-25 04:20:33,769 - matplotlib.font_manager - DEBUG - findfont: score(FontEntry(fname='C:\\Windows\\Fonts\\calibril.ttf', name='Calibri', style='normal', variant='normal', weight=300, stretch='normal', size='scalable')) = 10.145
2025-03-25 04:20:33,770 - matplotlib.font_manager - DEBUG - findfont: score(FontEntry(fname='C:\\Windows\\Fonts\\timesbi.ttf', name='Times New Roman', style='italic', variant='normal', weight=700, stretch='normal', size='scalable')) = 11.335
2025-03-25 04:20:33,770 - matplotlib.font_manager - DEBUG - findfont: score(FontEntry(fname='C:\\Windows\\Fonts\\mvboli.ttf', name='MV Boli', style='normal', variant='normal', weight=400, stretch='normal', size='scalable')) = 10.05
2025-03-25 04:20:33,771 - matplotlib.font_manager - DEBUG - findfont: score(FontEntry(fname='C:\\Windows\\Fonts\\msyhbd.ttc', name='Microsoft YaHei', style='normal', variant='normal', weight=700, stretch='normal', size='scalable')) = 10.335
2025-03-25 04:20:33,771 - matplotlib.font_manager - DEBUG - findfont: score(FontEntry(fname='C:\\Windows\\Fonts\\MSUIGHUR.TTF', name='Microsoft Uighur', style='normal', variant='normal', weight=400, stretch='normal', size='scalable')) = 10.05
2025-03-25 04:20:33,772 - matplotlib.font_manager - DEBUG - findfont: score(FontEntry(fname='C:\\Windows\\Fonts\\PERI____.TTF', name='Perpetua', style='italic', variant='normal', weight=400, stretch='normal', size='scalable')) = 11.05
2025-03-25 04:20:33,772 - matplotlib.font_manager - DEBUG - findfont: score(FontEntry(fname='C:\\Windows\\Fonts\\MOD20.TTF', name='Modern No. 20', style='normal', variant='normal', weight=400, stretch='normal', size='scalable')) = 10.05
2025-03-25 04:20:33,772 - matplotlib.font_manager - DEBUG - findfont: score(FontEntry(fname='C:\\Windows\\Fonts\\NIAGSOL.TTF', name='Niagara Solid', style='normal', variant='normal', weight=400, stretch='normal', size='scalable')) = 10.05
2025-03-25 04:20:33,773 - matplotlib.font_manager - DEBUG - findfont: score(FontEntry(fname='C:\\Windows\\Fonts\\PERBI___.TTF', name='Perpetua', style='italic', variant='normal', weight=700, stretch='normal', size='scalable')) = 11.335
2025-03-25 04:20:33,773 - matplotlib.font_manager - DEBUG - findfont: score(FontEntry(fname='C:\\Windows\\Fonts\\LCALLIG.TTF', name='Lucida Calligraphy', style='italic', variant='normal', weight=400, stretch='normal', size='scalable')) = 11.05
2025-03-25 04:20:33,774 - matplotlib.font_manager - DEBUG - findfont: score(FontEntry(fname='C:\\Windows\\Fonts\\comic.ttf', name='Comic Sans MS', style='normal', variant='normal', weight=400, stretch='normal', size='scalable')) = 10.05
2025-03-25 04:20:33,774 - matplotlib.font_manager - DEBUG - findfont: score(FontEntry(fname='C:\\Windows\\Fonts\\MAIAN.TTF', name='Maiandra GD', style='normal', variant='normal', weight=400, stretch='normal', size='scalable')) = 10.05
2025-03-25 04:20:33,775 - matplotlib.font_manager - DEBUG - findfont: score(FontEntry(fname='C:\\Windows\\Fonts\\OCRAEXT.TTF', name='OCR A Extended', style='normal', variant='normal', weight=400, stretch='expanded', size='scalable')) = 10.25
2025-03-25 04:20:33,775 - matplotlib.font_manager - DEBUG - findfont: score(FontEntry(fname='C:\\Windows\\Fonts\\STKAITI.TTF', name='STKaiti', style='normal', variant='normal', weight=400, stretch='normal', size='scalable')) = 10.05
2025-03-25 04:20:33,775 - matplotlib.font_manager - DEBUG - findfont: score(FontEntry(fname='C:\\Windows\\Fonts\\cambriai.ttf', name='Cambria', style='italic', variant='normal', weight=400, stretch='normal', size='scalable')) = 11.05
2025-03-25 04:20:33,775 - matplotlib.font_manager - DEBUG - findfont: score(FontEntry(fname='C:\\Windows\\Fonts\\ARIALN.TTF', name='Arial', style='normal', variant='normal', weight=400, stretch='condensed', size='scalable')) = 6.613636363636363
2025-03-25 04:20:33,776 - matplotlib.font_manager - DEBUG - findfont: score(FontEntry(fname='C:\\Windows\\Fonts\\HTOWERT.TTF', name='High Tower Text', style='normal', variant='normal', weight=400, stretch='normal', size='scalable')) = 10.05
2025-03-25 04:20:33,776 - matplotlib.font_manager - DEBUG - findfont: score(FontEntry(fname='C:\\Windows\\Fonts\\ROCK.TTF', name='Rockwell', style='normal', variant='normal', weight=400, stretch='normal', size='scalable')) = 10.05
2025-03-25 04:20:33,777 - matplotlib.font_manager - DEBUG - findfont: score(FontEntry(fname='C:\\Windows\\Fonts\\STENCIL.TTF', name='Stencil', style='normal', variant='normal', weight=400, stretch='normal', size='scalable')) = 10.05
2025-03-25 04:20:33,777 - matplotlib.font_manager - DEBUG - findfont: score(FontEntry(fname='C:\\Windows\\Fonts\\SHOWG.TTF', name='Showcard Gothic', style='normal', variant='normal', weight=400, stretch='normal', size='scalable')) = 10.05
2025-03-25 04:20:33,777 - matplotlib.font_manager - DEBUG - findfont: score(FontEntry(fname='C:\\Windows\\Fonts\\ebrima.ttf', name='Ebrima', style='normal', variant='normal', weight=400, stretch='normal', size='scalable')) = 10.05
2025-03-25 04:20:33,777 - matplotlib.font_manager - DEBUG - findfont: score(FontEntry(fname='C:\\Windows\\Fonts\\BAUHS93.TTF', name='Bauhaus 93', style='normal', variant='normal', weight=400, stretch='normal', size='scalable')) = 10.05
2025-03-25 04:20:33,777 - matplotlib.font_manager - DEBUG - findfont: score(FontEntry(fname='C:\\Windows\\Fonts\\BRUSHSCI.TTF', name='Brush Script MT', style='italic', variant='normal', weight=400, stretch='normal', size='scalable')) = 11.05
2025-03-25 04:20:33,779 - matplotlib.font_manager - DEBUG - findfont: score(FontEntry(fname='C:\\Windows\\Fonts\\TCCEB.TTF', name='Tw Cen MT Condensed Extra Bold', style='normal', variant='normal', weight=400, stretch='condensed', size='scalable')) = 10.25
2025-03-25 04:20:33,779 - matplotlib.font_manager - DEBUG - findfont: score(FontEntry(fname='C:\\Windows\\Fonts\\ntailu.ttf', name='Microsoft New Tai Lue', style='normal', variant='normal', weight=400, stretch='normal', size='scalable')) = 10.05
2025-03-25 04:20:33,780 - matplotlib.font_manager - DEBUG - findfont: score(FontEntry(fname='C:\\Windows\\Fonts\\RAGE.TTF', name='Rage Italic', style='italic', variant='normal', weight=400, stretch='normal', size='scalable')) = 11.05
2025-03-25 04:20:33,780 - matplotlib.font_manager - DEBUG - findfont: score(FontEntry(fname='C:\\Windows\\Fonts\\malgunsl.ttf', name='Malgun Gothic', style='normal', variant='normal', weight=300, stretch='normal', size='scalable')) = 10.145
2025-03-25 04:20:33,780 - matplotlib.font_manager - DEBUG - findfont: score(FontEntry(fname='C:\\Windows\\Fonts\\taile.ttf', name='Microsoft Tai Le', style='normal', variant='normal', weight=400, stretch='normal', size='scalable')) = 10.05
2025-03-25 04:20:33,781 - matplotlib.font_manager - DEBUG - findfont: score(FontEntry(fname='C:\\Windows\\Fonts\\GILBI___.TTF', name='Gill Sans MT', style='italic', variant='normal', weight=700, stretch='normal', size='scalable')) = 11.335
2025-03-25 04:20:33,781 - matplotlib.font_manager - DEBUG - findfont: score(FontEntry(fname='C:\\Windows\\Fonts\\BSSYM7.TTF', name='Bookshelf Symbol 7', style='normal', variant='normal', weight=400, stretch='normal', size='scalable')) = 10.05
2025-03-25 04:20:33,781 - matplotlib.font_manager - DEBUG - findfont: score(FontEntry(fname='C:\\Windows\\Fonts\\BELL.TTF', name='Bell MT', style='normal', variant='normal', weight=400, stretch='normal', size='scalable')) = 10.05
2025-03-25 04:20:33,781 - matplotlib.font_manager - DEBUG - findfont: score(FontEntry(fname='C:\\Windows\\Fonts\\courbi.ttf', name='Courier New', style='italic', variant='normal', weight=700, stretch='normal', size='scalable')) = 11.335
2025-03-25 04:20:33,781 - matplotlib.font_manager - DEBUG - findfont: score(FontEntry(fname='C:\\Windows\\Fonts\\INFROMAN.TTF', name='Informal Roman', style='normal', variant='normal', weight=400, stretch='normal', size='scalable')) = 10.05
2025-03-25 04:20:33,782 - matplotlib.font_manager - DEBUG - findfont: score(FontEntry(fname='C:\\Windows\\Fonts\\LATINWD.TTF', name='Wide Latin', style='normal', variant='normal', weight=400, stretch='expanded', size='scalable')) = 10.25
2025-03-25 04:20:33,782 - matplotlib.font_manager - DEBUG - findfont: score(FontEntry(fname='C:\\Windows\\Fonts\\ONYX.TTF', name='Onyx', style='normal', variant='normal', weight=400, stretch='normal', size='scalable')) = 10.05
2025-03-25 04:20:33,782 - matplotlib.font_manager - DEBUG - findfont: score(FontEntry(fname='C:\\Windows\\Fonts\\BOOKOSBI.TTF', name='Bookman Old Style', style='italic', variant='normal', weight=600, stretch='normal', size='scalable')) = 11.24
2025-03-25 04:20:33,782 - matplotlib.font_manager - DEBUG - findfont: score(FontEntry(fname='C:\\Windows\\Fonts\\STXINGKA.TTF', name='STXingkai', style='normal', variant='normal', weight=400, stretch='normal', size='scalable')) = 10.05
2025-03-25 04:20:33,783 - matplotlib.font_manager - DEBUG - findfont: score(FontEntry(fname='C:\\Windows\\Fonts\\HARLOWSI.TTF', name='Harlow Solid Italic', style='italic', variant='normal', weight=400, stretch='normal', size='scalable')) = 11.05
2025-03-25 04:20:33,783 - matplotlib.font_manager - DEBUG - findfont: score(FontEntry(fname='C:\\Windows\\Fonts\\timesi.ttf', name='Times New Roman', style='italic', variant='normal', weight=400, stretch='normal', size='scalable')) = 11.05
2025-03-25 04:20:33,784 - matplotlib.font_manager - DEBUG - findfont: score(FontEntry(fname='C:\\Windows\\Fonts\\BELLI.TTF', name='Bell MT', style='italic', variant='normal', weight=400, stretch='normal', size='scalable')) = 11.05
2025-03-25 04:20:33,785 - matplotlib.font_manager - DEBUG - findfont: score(FontEntry(fname='C:\\Windows\\Fonts\\GOUDOSI.TTF', name='Goudy Old Style', style='italic', variant='normal', weight=400, stretch='normal', size='scalable')) = 11.05
2025-03-25 04:20:33,785 - matplotlib.font_manager - DEBUG - findfont: score(FontEntry(fname='C:\\Windows\\Fonts\\calibri.ttf', name='Calibri', style='normal', variant='normal', weight=400, stretch='normal', size='scalable')) = 10.05
2025-03-25 04:20:33,786 - matplotlib.font_manager - DEBUG - findfont: score(FontEntry(fname='C:\\Windows\\Fonts\\himalaya.ttf', name='Microsoft Himalaya', style='normal', variant='normal', weight=400, stretch='normal', size='scalable')) = 10.05
2025-03-25 04:20:33,786 - matplotlib.font_manager - DEBUG - findfont: score(FontEntry(fname='C:\\Windows\\Fonts\\SCRIPTBL.TTF', name='Script MT Bold', style='normal', variant='normal', weight=700, stretch='normal', size='scalable')) = 10.335
2025-03-25 04:20:33,786 - matplotlib.font_manager - DEBUG - findfont: score(FontEntry(fname='C:\\Windows\\Fonts\\consolai.ttf', name='Consolas', style='italic', variant='normal', weight=400, stretch='normal', size='scalable')) = 11.05
2025-03-25 04:20:33,786 - matplotlib.font_manager - DEBUG - findfont: score(FontEntry(fname='C:\\Windows\\Fonts\\OUTLOOK.TTF', name='MS Outlook', style='normal', variant='normal', weight=400, stretch='normal', size='scalable')) = 10.05
2025-03-25 04:20:33,786 - matplotlib.font_manager - DEBUG - findfont: score(FontEntry(fname='C:\\Windows\\Fonts\\BOD_CR.TTF', name='Bodoni MT', style='normal', variant='normal', weight=400, stretch='condensed', size='scalable')) = 10.25
2025-03-25 04:20:33,787 - matplotlib.font_manager - DEBUG - findfont: score(FontEntry(fname='C:\\Windows\\Fonts\\LFAX.TTF', name='Lucida Fax', style='normal', variant='normal', weight=400, stretch='normal', size='scalable')) = 10.05
2025-03-25 04:20:33,787 - matplotlib.font_manager - DEBUG - findfont: score(FontEntry(fname='C:\\Windows\\Fonts\\GLECB.TTF', name='Gloucester MT Extra Condensed', style='normal', variant='normal', weight=400, stretch='condensed', size='scalable')) = 10.25
2025-03-25 04:20:33,787 - matplotlib.font_manager - DEBUG - findfont: score(FontEntry(fname='C:\\Windows\\Fonts\\PARCHM.TTF', name='Parchment', style='normal', variant='normal', weight=400, stretch='normal', size='scalable')) = 10.05
2025-03-25 04:20:33,787 - matplotlib.font_manager - DEBUG - findfont: score(FontEntry(fname='C:\\Windows\\Fonts\\corbel.ttf', name='Corbel', style='normal', variant='normal', weight=400, stretch='normal', size='scalable')) = 10.05
2025-03-25 04:20:33,788 - matplotlib.font_manager - DEBUG - findfont: score(FontEntry(fname='C:\\Windows\\Fonts\\DUBAI-LIGHT.TTF', name='Dubai', style='normal', variant='normal', weight=300, stretch='normal', size='scalable')) = 10.145
2025-03-25 04:20:33,788 - matplotlib.font_manager - DEBUG - findfont: score(FontEntry(fname='C:\\Windows\\Fonts\\ENGR.TTF', name='Engravers MT', style='normal', variant='normal', weight=500, stretch='normal', size='scalable')) = 10.145
2025-03-25 04:20:33,789 - matplotlib.font_manager - DEBUG - findfont: score(FontEntry(fname='C:\\Windows\\Fonts\\cambria.ttc', name='Cambria', style='normal', variant='normal', weight=400, stretch='normal', size='scalable')) = 10.05
2025-03-25 04:20:33,789 - matplotlib.font_manager - DEBUG - findfont: score(FontEntry(fname='C:\\Windows\\Fonts\\CASTELAR.TTF', name='Castellar', style='normal', variant='normal', weight=400, stretch='normal', size='scalable')) = 10.05
2025-03-25 04:20:33,789 - matplotlib.font_manager - DEBUG - findfont: score(FontEntry(fname='C:\\Windows\\Fonts\\verdanab.ttf', name='Verdana', style='normal', variant='normal', weight=700, stretch='normal', size='scalable')) = 3.9713636363636367
2025-03-25 04:20:33,790 - matplotlib.font_manager - DEBUG - findfont: score(FontEntry(fname='C:\\Windows\\Fonts\\MISTRAL.TTF', name='Mistral', style='normal', variant='normal', weight=400, stretch='normal', size='scalable')) = 10.05
2025-03-25 04:20:33,790 - matplotlib.font_manager - DEBUG - findfont: score(FontEntry(fname='C:\\Windows\\Fonts\\COOPBL.TTF', name='Cooper Black', style='normal', variant='normal', weight=400, stretch='normal', size='scalable')) = 10.05
2025-03-25 04:20:33,790 - matplotlib.font_manager - DEBUG - findfont: score(FontEntry(fname='C:\\Users\\ROG\\AppData\\Local\\Microsoft\\Windows\\Fonts\\phosphor.ttf', name='Phosphor', style='normal', variant='normal', weight=400, stretch='normal', size='scalable')) = 10.05
2025-03-25 04:20:33,791 - matplotlib.font_manager - DEBUG - findfont: score(FontEntry(fname='C:\\Windows\\Fonts\\simsunb.ttf', name='SimSun-ExtB', style='normal', variant='normal', weight=400, stretch='normal', size='scalable')) = 10.05
2025-03-25 04:20:33,791 - matplotlib.font_manager - DEBUG - findfont: score(FontEntry(fname='C:\\Windows\\Fonts\\GARABD.TTF', name='Garamond', style='normal', variant='normal', weight=700, stretch='normal', size='scalable')) = 10.335
2025-03-25 04:20:33,791 - matplotlib.font_manager - DEBUG - findfont: score(FontEntry(fname='C:\\Windows\\Fonts\\JOKERMAN.TTF', name='Jokerman', style='normal', variant='normal', weight=400, stretch='normal', size='scalable')) = 10.05
2025-03-25 04:20:33,793 - matplotlib.font_manager - DEBUG - findfont: score(FontEntry(fname='C:\\Windows\\Fonts\\Candara.ttf', name='Candara', style='normal', variant='normal', weight=400, stretch='normal', size='scalable')) = 10.05
2025-03-25 04:20:33,793 - matplotlib.font_manager - DEBUG - findfont: score(FontEntry(fname='C:\\Windows\\Fonts\\courbd.ttf', name='Courier New', style='normal', variant='normal', weight=700, stretch='normal', size='scalable')) = 10.335
2025-03-25 04:20:33,794 - matplotlib.font_manager - DEBUG - findfont: score(FontEntry(fname='C:\\Users\\ROG\\AppData\\Local\\Microsoft\\Windows\\Fonts\\fontawesome5-solid-webfont.ttf', name='Font Awesome 5 Free Solid', style='normal', variant='normal', weight=900, stretch='normal', size='scalable')) = 10.525
2025-03-25 04:20:33,794 - matplotlib.font_manager - DEBUG - findfont: score(FontEntry(fname='C:\\Windows\\Fonts\\BOOKOS.TTF', name='Bookman Old Style', style='normal', variant='normal', weight=300, stretch='normal', size='scalable')) = 10.145
2025-03-25 04:20:33,794 - matplotlib.font_manager - DEBUG - findfont: score(FontEntry(fname='C:\\Windows\\Fonts\\webdings.ttf', name='Webdings', style='normal', variant='normal', weight=400, stretch='normal', size='scalable')) = 10.05
2025-03-25 04:20:33,794 - matplotlib.font_manager - DEBUG - findfont: score(FontEntry(fname='C:\\Windows\\Fonts\\palabi.ttf', name='Palatino Linotype', style='italic', variant='normal', weight=700, stretch='normal', size='scalable')) = 11.335
2025-03-25 04:20:33,795 - matplotlib.font_manager - DEBUG - findfont: score(FontEntry(fname='C:\\Windows\\Fonts\\calibrib.ttf', name='Calibri', style='normal', variant='normal', weight=700, stretch='normal', size='scalable')) = 10.335
2025-03-25 04:20:33,795 - matplotlib.font_manager - DEBUG - findfont: score(FontEntry(fname='C:\\Windows\\Fonts\\BROADW.TTF', name='Broadway', style='normal', variant='normal', weight=400, stretch='normal', size='scalable')) = 10.05
2025-03-25 04:20:33,795 - matplotlib.font_manager - DEBUG - findfont: score(FontEntry(fname='C:\\Windows\\Fonts\\GOTHICI.TTF', name='Century Gothic', style='italic', variant='normal', weight=400, stretch='normal', size='scalable')) = 11.05
2025-03-25 04:20:33,796 - matplotlib.font_manager - DEBUG - findfont: score(FontEntry(fname='C:\\Windows\\Fonts\\arial.ttf', name='Arial', style='normal', variant='normal', weight=400, stretch='normal', size='scalable')) = 6.413636363636363
2025-03-25 04:20:33,796 - matplotlib.font_manager - DEBUG - findfont: score(FontEntry(fname='C:\\Windows\\Fonts\\Inkfree.ttf', name='Ink Free', style='normal', variant='normal', weight=400, stretch='normal', size='scalable')) = 10.05
2025-03-25 04:20:33,797 - matplotlib.font_manager - DEBUG - findfont: score(FontEntry(fname='C:\\Windows\\Fonts\\msjh.ttc', name='Microsoft JhengHei', style='normal', variant='normal', weight=400, stretch='normal', size='scalable')) = 10.05
2025-03-25 04:20:33,797 - matplotlib.font_manager - DEBUG - findfont: score(FontEntry(fname='C:\\Windows\\Fonts\\SCHLBKB.TTF', name='Century Schoolbook', style='normal', variant='normal', weight=700, stretch='normal', size='scalable')) = 10.335
2025-03-25 04:20:33,798 - matplotlib.font_manager - DEBUG - findfont: score(FontEntry(fname='C:\\Windows\\Fonts\\javatext.ttf', name='Javanese Text', style='normal', variant='normal', weight=400, stretch='normal', size='scalable')) = 10.05
2025-03-25 04:20:33,798 - matplotlib.font_manager - DEBUG - findfont: score(FontEntry(fname='C:\\Windows\\Fonts\\ebrimabd.ttf', name='Ebrima', style='normal', variant='normal', weight=700, stretch='normal', size='scalable')) = 10.335
2025-03-25 04:20:33,798 - matplotlib.font_manager - DEBUG - findfont: score(FontEntry(fname='C:\\Windows\\Fonts\\BRLNSR.TTF', name='Berlin Sans FB', style='normal', variant='normal', weight=400, stretch='normal', size='scalable')) = 10.05
2025-03-25 04:20:33,798 - matplotlib.font_manager - DEBUG - findfont: score(FontEntry(fname='C:\\Windows\\Fonts\\GOUDOS.TTF', name='Goudy Old Style', style='normal', variant='normal', weight=400, stretch='normal', size='scalable')) = 10.05
2025-03-25 04:20:33,798 - matplotlib.font_manager - DEBUG - findfont: score(FontEntry(fname='C:\\Windows\\Fonts\\FRAHV.TTF', name='Franklin Gothic Heavy', style='normal', variant='normal', weight=400, stretch='normal', size='scalable')) = 10.05
2025-03-25 04:20:33,930 - matplotlib.font_manager - DEBUG - findfont: score(FontEntry(fname='C:\\Windows\\Fonts\\framdit.ttf', name='Franklin Gothic Medium', style='italic', variant='normal', weight=400, stretch='normal', size='scalable')) = 11.05
2025-03-25 04:20:33,931 - matplotlib.font_manager - DEBUG - findfont: score(FontEntry(fname='C:\\Windows\\Fonts\\BOD_CBI.TTF', name='Bodoni MT', style='italic', variant='normal', weight=700, stretch='condensed', size='scalable')) = 11.535
2025-03-25 04:20:33,932 - matplotlib.font_manager - DEBUG - findfont: score(FontEntry(fname='C:\\Windows\\Fonts\\OLDENGL.TTF', name='Old English Text MT', style='normal', variant='normal', weight=400, stretch='normal', size='scalable')) = 10.05
2025-03-25 04:20:33,932 - matplotlib.font_manager - DEBUG - findfont: score(FontEntry(fname='C:\\Windows\\Fonts\\PAPYRUS.TTF', name='Papyrus', style='normal', variant='normal', weight=400, stretch='normal', size='scalable')) = 10.05
2025-03-25 04:20:33,932 - matplotlib.font_manager - DEBUG - findfont: score(FontEntry(fname='C:\\Windows\\Fonts\\calibriz.ttf', name='Calibri', style='italic', variant='normal', weight=700, stretch='normal', size='scalable')) = 11.335
2025-03-25 04:20:33,933 - matplotlib.font_manager - DEBUG - findfont: score(FontEntry(fname='C:\\Windows\\Fonts\\STZHONGS.TTF', name='STZhongsong', style='normal', variant='normal', weight=400, stretch='normal', size='scalable')) = 10.05
2025-03-25 04:20:33,933 - matplotlib.font_manager - DEBUG - findfont: score(FontEntry(fname='C:\\Windows\\Fonts\\ntailub.ttf', name='Microsoft New Tai Lue', style='normal', variant='normal', weight=700, stretch='normal', size='scalable')) = 10.335
2025-03-25 04:20:33,934 - matplotlib.font_manager - DEBUG - findfont: score(FontEntry(fname='C:\\Windows\\Fonts\\CALIFB.TTF', name='Californian FB', style='normal', variant='normal', weight=700, stretch='normal', size='scalable')) = 10.335
2025-03-25 04:20:33,934 - matplotlib.font_manager - DEBUG - findfont: score(FontEntry(fname='C:\\Windows\\Fonts\\BRLNSB.TTF', name='Berlin Sans FB', style='normal', variant='normal', weight=700, stretch='normal', size='scalable')) = 10.335
2025-03-25 04:20:33,934 - matplotlib.font_manager - DEBUG - findfont: score(FontEntry(fname='C:\\Windows\\Fonts\\CENSCBK.TTF', name='Century Schoolbook', style='normal', variant='normal', weight=400, stretch='normal', size='scalable')) = 10.05
2025-03-25 04:20:33,936 - matplotlib.font_manager - DEBUG - findfont: score(FontEntry(fname='C:\\Windows\\Fonts\\segoeuib.ttf', name='Segoe UI', style='normal', variant='normal', weight=700, stretch='normal', size='scalable')) = 10.335
2025-03-25 04:20:33,937 - matplotlib.font_manager - DEBUG - findfont: score(FontEntry(fname='C:\\Windows\\Fonts\\CURLZ___.TTF', name='Curlz MT', style='normal', variant='normal', weight=400, stretch='normal', size='scalable')) = 10.05
2025-03-25 04:20:33,937 - matplotlib.font_manager - DEBUG - findfont: score(FontEntry(fname='C:\\Windows\\Fonts\\MTCORSVA.TTF', name='Monotype Corsiva', style='normal', variant='normal', weight=400, stretch='normal', size='scalable')) = 10.05
2025-03-25 04:20:33,937 - matplotlib.font_manager - DEBUG - findfont: score(FontEntry(fname='C:\\Windows\\Fonts\\GOTHICBI.TTF', name='Century Gothic', style='italic', variant='normal', weight=700, stretch='normal', size='scalable')) = 11.335
2025-03-25 04:20:33,937 - matplotlib.font_manager - DEBUG - findfont: score(FontEntry(fname='C:\\Windows\\Fonts\\LBRITEI.TTF', name='Lucida Bright', style='italic', variant='normal', weight=400, stretch='normal', size='scalable')) = 11.05
2025-03-25 04:20:33,939 - matplotlib.font_manager - DEBUG - findfont: score(FontEntry(fname='C:\\Windows\\Fonts\\NIAGENG.TTF', name='Niagara Engraved', style='normal', variant='normal', weight=400, stretch='normal', size='scalable')) = 10.05
2025-03-25 04:20:33,939 - matplotlib.font_manager - DEBUG - findfont: score(FontEntry(fname='C:\\Windows\\Fonts\\gadugi.ttf', name='Gadugi', style='normal', variant='normal', weight=400, stretch='normal', size='scalable')) = 10.05
2025-03-25 04:20:33,939 - matplotlib.font_manager - DEBUG - findfont: score(FontEntry(fname='C:\\Windows\\Fonts\\mingliub.ttc', name='MingLiU-ExtB', style='normal', variant='normal', weight=400, stretch='normal', size='scalable')) = 10.05
2025-03-25 04:20:33,940 - matplotlib.font_manager - DEBUG - findfont: score(FontEntry(fname='C:\\Windows\\Fonts\\FORTE.TTF', name='Forte', style='normal', variant='normal', weight=400, stretch='normal', size='scalable')) = 10.05
2025-03-25 04:20:33,940 - matplotlib.font_manager - DEBUG - findfont: score(FontEntry(fname='C:\\Windows\\Fonts\\PER_____.TTF', name='Perpetua', style='normal', variant='normal', weight=400, stretch='normal', size='scalable')) = 10.05
2025-03-25 04:20:33,940 - matplotlib.font_manager - DEBUG - findfont: score(FontEntry(fname='C:\\Windows\\Fonts\\corbelz.ttf', name='Corbel', style='italic', variant='normal', weight=700, stretch='normal', size='scalable')) = 11.335
2025-03-25 04:20:33,940 - matplotlib.font_manager - DEBUG - findfont: score(FontEntry(fname='C:\\Windows\\Fonts\\REFSAN.TTF', name='MS Reference Sans Serif', style='normal', variant='normal', weight=400, stretch='normal', size='scalable')) = 10.05
2025-03-25 04:20:33,940 - matplotlib.font_manager - DEBUG - findfont: score(FontEntry(fname='C:\\Windows\\Fonts\\SCHLBKBI.TTF', name='Century Schoolbook', style='italic', variant='normal', weight=700, stretch='normal', size='scalable')) = 11.335
2025-03-25 04:20:33,941 - matplotlib.font_manager - DEBUG - findfont: score(FontEntry(fname='C:\\Windows\\Fonts\\ANTQUAB.TTF', name='Book Antiqua', style='normal', variant='normal', weight=700, stretch='normal', size='scalable')) = 10.335
2025-03-25 04:20:33,941 - matplotlib.font_manager - DEBUG - findfont: score(FontEntry(fname='C:\\Windows\\Fonts\\GOUDYSTO.TTF', name='Goudy Stout', style='normal', variant='normal', weight=400, stretch='normal', size='scalable')) = 10.05
2025-03-25 04:20:33,941 - matplotlib.font_manager - DEBUG - findfont: score(FontEntry(fname='C:\\Windows\\Fonts\\ERASMD.TTF', name='Eras Medium ITC', style='normal', variant='normal', weight=400, stretch='normal', size='scalable')) = 10.05
2025-03-25 04:20:33,941 - matplotlib.font_manager - DEBUG - findfont: score(FontEntry(fname='C:\\Windows\\Fonts\\CALIFI.TTF', name='Californian FB', style='italic', variant='normal', weight=400, stretch='normal', size='scalable')) = 11.05
2025-03-25 04:20:33,941 - matplotlib.font_manager - DEBUG - findfont: score(FontEntry(fname='C:\\Windows\\Fonts\\GARAIT.TTF', name='Garamond', style='italic', variant='normal', weight=400, stretch='normal', size='scalable')) = 11.05
2025-03-25 04:20:33,941 - matplotlib.font_manager - DEBUG - findfont: score(FontEntry(fname='C:\\Windows\\Fonts\\VINERITC.TTF', name='Viner Hand ITC', style='normal', variant='normal', weight=400, stretch='normal', size='scalable')) = 10.05
2025-03-25 04:20:33,941 - matplotlib.font_manager - DEBUG - findfont: score(FontEntry(fname='C:\\Windows\\Fonts\\SimsunExtG.ttf', name='SimSun-ExtG', style='normal', variant='normal', weight=400, stretch='normal', size='scalable')) = 10.05
2025-03-25 04:20:33,943 - matplotlib.font_manager - DEBUG - findfont: score(FontEntry(fname='C:\\Windows\\Fonts\\BOD_BI.TTF', name='Bodoni MT', style='italic', variant='normal', weight=700, stretch='normal', size='scalable')) = 11.335
2025-03-25 04:20:33,943 - matplotlib.font_manager - DEBUG - findfont: score(FontEntry(fname='C:\\Windows\\Fonts\\phagspab.ttf', name='Microsoft PhagsPa', style='normal', variant='normal', weight=700, stretch='normal', size='scalable')) = 10.335
2025-03-25 04:20:33,943 - matplotlib.font_manager - DEBUG - findfont: score(FontEntry(fname='C:\\Windows\\Fonts\\ELEPHNT.TTF', name='Elephant', style='normal', variant='normal', weight=400, stretch='normal', size='scalable')) = 10.05
2025-03-25 04:20:33,944 - matplotlib.font_manager - DEBUG - findfont: score(FontEntry(fname='C:\\Windows\\Fonts\\FRAMDCN.TTF', name='Franklin Gothic Medium Cond', style='normal', variant='normal', weight=400, stretch='condensed', size='scalable')) = 10.25
2025-03-25 04:20:33,944 - matplotlib.font_manager - DEBUG - findfont: score(FontEntry(fname='C:\\Windows\\Fonts\\constanb.ttf', name='Constantia', style='normal', variant='normal', weight=700, stretch='normal', size='scalable')) = 10.335
2025-03-25 04:20:33,944 - matplotlib.font_manager - DEBUG - findfont: score(FontEntry(fname='C:\\Windows\\Fonts\\LFAXI.TTF', name='Lucida Fax', style='italic', variant='normal', weight=400, stretch='normal', size='scalable')) = 11.05
2025-03-25 04:20:33,945 - matplotlib.font_manager - DEBUG - findfont: score(FontEntry(fname='C:\\Windows\\Fonts\\TCB_____.TTF', name='Tw Cen MT', style='normal', variant='normal', weight=700, stretch='normal', size='scalable')) = 10.335
2025-03-25 04:20:33,945 - matplotlib.font_manager - DEBUG - findfont: score(FontEntry(fname='C:\\Windows\\Fonts\\LFAXD.TTF', name='Lucida Fax', style='normal', variant='normal', weight=600, stretch='normal', size='scalable')) = 10.24
2025-03-25 04:20:33,946 - matplotlib.font_manager - DEBUG - findfont: score(FontEntry(fname='C:\\Windows\\Fonts\\corbell.ttf', name='Corbel', style='normal', variant='normal', weight=300, stretch='normal', size='scalable')) = 10.145
2025-03-25 04:20:33,946 - matplotlib.font_manager - DEBUG - findfont: score(FontEntry(fname='C:\\Windows\\Fonts\\FRADMCN.TTF', name='Franklin Gothic Demi Cond', style='normal', variant='normal', weight=400, stretch='condensed', size='scalable')) = 10.25
2025-03-25 04:20:33,946 - matplotlib.font_manager - DEBUG - findfont: score(FontEntry(fname='C:\\Users\\ROG\\AppData\\Local\\Microsoft\\Windows\\Fonts\\materialdesignicons6-webfont.ttf', name='Material Design Icons', style='normal', variant='normal', weight=400, stretch='normal', size='scalable')) = 10.05
2025-03-25 04:20:33,946 - matplotlib.font_manager - DEBUG - findfont: score(FontEntry(fname='C:\\Windows\\Fonts\\LTYPEBO.TTF', name='Lucida Sans Typewriter', style='oblique', variant='normal', weight=600, stretch='normal', size='scalable')) = 11.24
2025-03-25 04:20:33,946 - matplotlib.font_manager - DEBUG - findfont: score(FontEntry(fname='C:\\Windows\\Fonts\\bahnschrift.ttf', name='Bahnschrift', style='normal', variant='normal', weight=400, stretch='normal', size='scalable')) = 10.05
2025-03-25 04:20:33,946 - matplotlib.font_manager - DEBUG - findfont: score(FontEntry(fname='C:\\Windows\\Fonts\\CALIFR.TTF', name='Californian FB', style='normal', variant='normal', weight=400, stretch='normal', size='scalable')) = 10.05
2025-03-25 04:20:33,947 - matplotlib.font_manager - DEBUG - findfont: score(FontEntry(fname='C:\\Windows\\Fonts\\ANTQUABI.TTF', name='Book Antiqua', style='italic', variant='normal', weight=700, stretch='normal', size='scalable')) = 11.335
2025-03-25 04:20:33,947 - matplotlib.font_manager - DEBUG - findfont: score(FontEntry(fname='C:\\Windows\\Fonts\\LeelUIsl.ttf', name='Leelawadee UI', style='normal', variant='normal', weight=350, stretch='normal', size='scalable')) = 10.0975
2025-03-25 04:20:33,947 - matplotlib.font_manager - DEBUG - findfont: score(FontEntry(fname='C:\\Windows\\Fonts\\CALISTI.TTF', name='Calisto MT', style='italic', variant='normal', weight=400, stretch='normal', size='scalable')) = 11.05
2025-03-25 04:20:33,947 - matplotlib.font_manager - DEBUG - findfont: score(FontEntry(fname='C:\\Windows\\Fonts\\cambriab.ttf', name='Cambria', style='normal', variant='normal', weight=700, stretch='normal', size='scalable')) = 10.335
2025-03-25 04:20:33,947 - matplotlib.font_manager - DEBUG - findfont: score(FontEntry(fname='C:\\Windows\\Fonts\\NirmalaS.ttf', name='Nirmala UI', style='normal', variant='normal', weight=350, stretch='normal', size='scalable')) = 10.0975
2025-03-25 04:20:33,948 - matplotlib.font_manager - DEBUG - findfont: score(FontEntry(fname='C:\\Windows\\Fonts\\GOTHICB.TTF', name='Century Gothic', style='normal', variant='normal', weight=700, stretch='normal', size='scalable')) = 10.335
2025-03-25 04:20:33,948 - matplotlib.font_manager - DEBUG - findfont: score(FontEntry(fname='C:\\Windows\\Fonts\\msgothic.ttc', name='MS Gothic', style='normal', variant='normal', weight=400, stretch='normal', size='scalable')) = 10.05
2025-03-25 04:20:33,948 - matplotlib.font_manager - DEBUG - findfont: score(FontEntry(fname='C:\\Windows\\Fonts\\georgia.ttf', name='Georgia', style='normal', variant='normal', weight=400, stretch='normal', size='scalable')) = 10.05
2025-03-25 04:20:33,948 - matplotlib.font_manager - DEBUG - findfont: score(FontEntry(fname='C:\\Windows\\Fonts\\BELLB.TTF', name='Bell MT', style='normal', variant='normal', weight=700, stretch='normal', size='scalable')) = 10.335
2025-03-25 04:20:33,948 - matplotlib.font_manager - DEBUG - findfont: score(FontEntry(fname='C:\\Windows\\Fonts\\symbol.ttf', name='Symbol', style='normal', variant='normal', weight=400, stretch='normal', size='scalable')) = 10.05
2025-03-25 04:20:33,950 - matplotlib.font_manager - DEBUG - findfont: score(FontEntry(fname='C:\\Windows\\Fonts\\segoeui.ttf', name='Segoe UI', style='normal', variant='normal', weight=400, stretch='normal', size='scalable')) = 10.05
2025-03-25 04:20:33,950 - matplotlib.font_manager - DEBUG - findfont: score(FontEntry(fname='C:\\Windows\\Fonts\\LBRITEDI.TTF', name='Lucida Bright', style='italic', variant='normal', weight=600, stretch='normal', size='scalable')) = 11.24
2025-03-25 04:20:33,950 - matplotlib.font_manager - DEBUG - findfont: score(FontEntry(fname='C:\\Windows\\Fonts\\GLSNECB.TTF', name='Gill Sans MT Ext Condensed Bold', style='normal', variant='normal', weight=400, stretch='condensed', size='scalable')) = 10.25
2025-03-25 04:20:33,950 - matplotlib.font_manager - DEBUG - findfont: score(FontEntry(fname='C:\\Windows\\Fonts\\CENTURY.TTF', name='Century', style='normal', variant='normal', weight=400, stretch='normal', size='scalable')) = 10.05
2025-03-25 04:20:33,951 - matplotlib.font_manager - DEBUG - findfont: score(FontEntry(fname='C:\\Windows\\Fonts\\arialbd.ttf', name='Arial', style='normal', variant='normal', weight=700, stretch='normal', size='scalable')) = 6.698636363636363
2025-03-25 04:20:33,951 - matplotlib.font_manager - DEBUG - findfont: score(FontEntry(fname='C:\\Windows\\Fonts\\ARIALNBI.TTF', name='Arial', style='italic', variant='normal', weight=700, stretch='condensed', size='scalable')) = 7.8986363636363635
2025-03-25 04:20:33,951 - matplotlib.font_manager - DEBUG - findfont: score(FontEntry(fname='C:\\Windows\\Fonts\\ariali.ttf', name='Arial', style='italic', variant='normal', weight=400, stretch='normal', size='scalable')) = 7.413636363636363
2025-03-25 04:20:33,952 - matplotlib.font_manager - DEBUG - findfont: score(FontEntry(fname='C:\\Windows\\Fonts\\AGENCYB.TTF', name='Agency FB', style='normal', variant='normal', weight=700, stretch='normal', size='scalable')) = 10.335
2025-03-25 04:20:33,952 - matplotlib.font_manager - DEBUG - findfont: score(FontEntry(fname='C:\\Windows\\Fonts\\BASKVILL.TTF', name='Baskerville Old Face', style='normal', variant='normal', weight=400, stretch='normal', size='scalable')) = 10.05
2025-03-25 04:20:33,952 - matplotlib.font_manager - DEBUG - findfont: score(FontEntry(fname='C:\\Windows\\Fonts\\PERTIBD.TTF', name='Perpetua Titling MT', style='normal', variant='normal', weight=700, stretch='normal', size='scalable')) = 10.335
2025-03-25 04:20:33,953 - matplotlib.font_manager - DEBUG - findfont: score(FontEntry(fname='C:\\Windows\\Fonts\\STXINWEI.TTF', name='STXinwei', style='normal', variant='normal', weight=400, stretch='normal', size='scalable')) = 10.05
2025-03-25 04:20:33,953 - matplotlib.font_manager - DEBUG - findfont: score(FontEntry(fname='C:\\Windows\\Fonts\\SitkaVF.ttf', name='Sitka', style='normal', variant='normal', weight=400, stretch='normal', size='scalable')) = 10.05
2025-03-25 04:20:33,954 - matplotlib.font_manager - DEBUG - findfont: score(FontEntry(fname='C:\\Windows\\Fonts\\BRADHITC.TTF', name='Bradley Hand ITC', style='normal', variant='normal', weight=400, stretch='normal', size='scalable')) = 10.05
2025-03-25 04:20:33,954 - matplotlib.font_manager - DEBUG - findfont: score(FontEntry(fname='C:\\Windows\\Fonts\\verdanai.ttf', name='Verdana', style='italic', variant='normal', weight=400, stretch='normal', size='scalable')) = 4.6863636363636365
2025-03-25 04:20:33,954 - matplotlib.font_manager - DEBUG - findfont: score(FontEntry(fname='C:\\Windows\\Fonts\\comicz.ttf', name='Comic Sans MS', style='italic', variant='normal', weight=700, stretch='normal', size='scalable')) = 11.335
2025-03-25 04:20:33,954 - matplotlib.font_manager - DEBUG - findfont: score(FontEntry(fname='C:\\Windows\\Fonts\\PERB____.TTF', name='Perpetua', style='normal', variant='normal', weight=700, stretch='normal', size='scalable')) = 10.335
2025-03-25 04:20:33,955 - matplotlib.font_manager - DEBUG - findfont: score(FontEntry(fname='C:\\Windows\\Fonts\\SCHLBKI.TTF', name='Century Schoolbook', style='italic', variant='normal', weight=400, stretch='normal', size='scalable')) = 11.05
2025-03-25 04:20:33,955 - matplotlib.font_manager - DEBUG - findfont: score(FontEntry(fname='C:\\Windows\\Fonts\\comici.ttf', name='Comic Sans MS', style='italic', variant='normal', weight=400, stretch='normal', size='scalable')) = 11.05
2025-03-25 04:20:33,955 - matplotlib.font_manager - DEBUG - findfont: score(FontEntry(fname='C:\\Windows\\Fonts\\WINGDNG2.TTF', name='Wingdings 2', style='normal', variant='normal', weight=400, stretch='normal', size='scalable')) = 10.05
2025-03-25 04:20:33,955 - matplotlib.font_manager - DEBUG - findfont: score(FontEntry(fname='C:\\Windows\\Fonts\\FZYTK.TTF', name='FZYaoTi', style='normal', variant='normal', weight=400, stretch='normal', size='scalable')) = 10.05
2025-03-25 04:20:33,955 - matplotlib.font_manager - DEBUG - findfont: score(FontEntry(fname='C:\\Windows\\Fonts\\LSANSDI.TTF', name='Lucida Sans', style='italic', variant='normal', weight=600, stretch='normal', size='scalable')) = 11.24
2025-03-25 04:20:33,955 - matplotlib.font_manager - DEBUG - findfont: score(FontEntry(fname='C:\\Windows\\Fonts\\gadugib.ttf', name='Gadugi', style='normal', variant='normal', weight=700, stretch='normal', size='scalable')) = 10.335
2025-03-25 04:20:33,956 - matplotlib.font_manager - DEBUG - findfont: score(FontEntry(fname='C:\\Windows\\Fonts\\ERASLGHT.TTF', name='Eras Light ITC', style='normal', variant='normal', weight=400, stretch='normal', size='scalable')) = 10.05
2025-03-25 04:20:33,956 - matplotlib.font_manager - DEBUG - findfont: score(FontEntry(fname='C:\\Windows\\Fonts\\FRABK.TTF', name='Franklin Gothic Book', style='normal', variant='normal', weight=400, stretch='normal', size='scalable')) = 10.05
2025-03-25 04:20:33,956 - matplotlib.font_manager - DEBUG - findfont: score(FontEntry(fname='C:\\Windows\\Fonts\\arialbi.ttf', name='Arial', style='italic', variant='normal', weight=700, stretch='normal', size='scalable')) = 7.698636363636363
2025-03-25 04:20:33,956 - matplotlib.font_manager - DEBUG - findfont: score(FontEntry(fname='C:\\Windows\\Fonts\\BOD_B.TTF', name='Bodoni MT', style='normal', variant='normal', weight=700, stretch='normal', size='scalable')) = 10.335
2025-03-25 04:20:33,956 - matplotlib.font_manager - DEBUG - findfont: score(FontEntry(fname='C:\\Windows\\Fonts\\msjhl.ttc', name='Microsoft JhengHei', style='normal', variant='normal', weight=290, stretch='normal', size='scalable')) = 10.1545
2025-03-25 04:20:33,957 - matplotlib.font_manager - DEBUG - findfont: score(FontEntry(fname='C:\\Windows\\Fonts\\STCAIYUN.TTF', name='STCaiyun', style='normal', variant='normal', weight=400, stretch='normal', size='scalable')) = 10.05
2025-03-25 04:20:33,957 - matplotlib.font_manager - DEBUG - findfont: score(FontEntry(fname='C:\\Windows\\Fonts\\DUBAI-REGULAR.TTF', name='Dubai', style='normal', variant='normal', weight=400, stretch='normal', size='scalable')) = 10.05
2025-03-25 04:20:33,957 - matplotlib.font_manager - DEBUG - findfont: score(FontEntry(fname='C:\\Windows\\Fonts\\sylfaen.ttf', name='Sylfaen', style='normal', variant='normal', weight=400, stretch='normal', size='scalable')) = 10.05
2025-03-25 04:20:33,958 - matplotlib.font_manager - DEBUG - findfont: score(FontEntry(fname='C:\\Windows\\Fonts\\LSANS.TTF', name='Lucida Sans', style='normal', variant='normal', weight=400, stretch='normal', size='scalable')) = 10.05
2025-03-25 04:20:33,958 - matplotlib.font_manager - DEBUG - findfont: score(FontEntry(fname='C:\\Windows\\Fonts\\ERASBD.TTF', name='Eras Bold ITC', style='normal', variant='normal', weight=400, stretch='normal', size='scalable')) = 10.05
2025-03-25 04:20:33,958 - matplotlib.font_manager - DEBUG - findfont: score(FontEntry(fname='C:\\Windows\\Fonts\\times.ttf', name='Times New Roman', style='normal', variant='normal', weight=400, stretch='normal', size='scalable')) = 10.05
2025-03-25 04:20:33,958 - matplotlib.font_manager - DEBUG - findfont: score(FontEntry(fname='C:\\Windows\\Fonts\\ariblk.ttf', name='Arial', style='normal', variant='normal', weight=900, stretch='normal', size='scalable')) = 6.888636363636364
2025-03-25 04:20:33,959 - matplotlib.font_manager - DEBUG - findfont: score(FontEntry(fname='C:\\Windows\\Fonts\\constanz.ttf', name='Constantia', style='italic', variant='normal', weight=700, stretch='normal', size='scalable')) = 11.335
2025-03-25 04:20:33,959 - matplotlib.font_manager - DEBUG - findfont: score(FontEntry(fname='C:\\Windows\\Fonts\\ERASDEMI.TTF', name='Eras Demi ITC', style='normal', variant='normal', weight=400, stretch='normal', size='scalable')) = 10.05
2025-03-25 04:20:33,959 - matplotlib.font_manager - DEBUG - findfont: score(FontEntry(fname='C:\\Windows\\Fonts\\LSANSD.TTF', name='Lucida Sans', style='normal', variant='normal', weight=600, stretch='normal', size='scalable')) = 10.24
2025-03-25 04:20:33,959 - matplotlib.font_manager - DEBUG - findfont: score(FontEntry(fname='C:\\Windows\\Fonts\\GIGI.TTF', name='Gigi', style='normal', variant='normal', weight=400, stretch='normal', size='scalable')) = 10.05
2025-03-25 04:20:33,959 - matplotlib.font_manager - DEBUG - findfont: score(FontEntry(fname='C:\\Windows\\Fonts\\LEELAWAD.TTF', name='Leelawadee', style='normal', variant='normal', weight=400, stretch='normal', size='scalable')) = 10.05
2025-03-25 04:20:33,960 - matplotlib.font_manager - DEBUG - findfont: score(FontEntry(fname='C:\\Windows\\Fonts\\BOD_BLAR.TTF', name='Bodoni MT', style='normal', variant='normal', weight=900, stretch='normal', size='scalable')) = 10.525
2025-03-25 04:20:33,960 - matplotlib.font_manager - DEBUG - findfont: score(FontEntry(fname='C:\\Windows\\Fonts\\timesbd.ttf', name='Times New Roman', style='normal', variant='normal', weight=700, stretch='normal', size='scalable')) = 10.335
2025-03-25 04:20:33,960 - matplotlib.font_manager - DEBUG - findfont: score(FontEntry(fname='C:\\Windows\\Fonts\\seguisym.ttf', name='Segoe UI Symbol', style='normal', variant='normal', weight=400, stretch='normal', size='scalable')) = 10.05
2025-03-25 04:20:33,960 - matplotlib.font_manager - DEBUG - findfont: score(FontEntry(fname='C:\\Windows\\Fonts\\PRISTINA.TTF', name='Pristina', style='normal', variant='normal', weight=400, stretch='normal', size='scalable')) = 10.05
2025-03-25 04:20:33,961 - matplotlib.font_manager - DEBUG - findfont: score(FontEntry(fname='C:\\Windows\\Fonts\\LTYPEO.TTF', name='Lucida Sans Typewriter', style='oblique', variant='normal', weight=400, stretch='normal', size='scalable')) = 11.05
2025-03-25 04:20:33,961 - matplotlib.font_manager - DEBUG - findfont: score(FontEntry(fname='C:\\Windows\\Fonts\\ELEPHNTI.TTF', name='Elephant', style='italic', variant='normal', weight=400, stretch='normal', size='scalable')) = 11.05
2025-03-25 04:20:33,961 - matplotlib.font_manager - DEBUG - findfont: score(FontEntry(fname='C:\\Windows\\Fonts\\Candarali.ttf', name='Candara', style='italic', variant='normal', weight=400, stretch='normal', size='scalable')) = 11.05
2025-03-25 04:20:33,961 - matplotlib.font_manager - DEBUG - findfont: score(FontEntry(fname='C:\\Windows\\Fonts\\segoesc.ttf', name='Segoe Script', style='normal', variant='normal', weight=400, stretch='normal', size='scalable')) = 10.05
2025-03-25 04:20:33,961 - matplotlib.font_manager - DEBUG - findfont: score(FontEntry(fname='C:\\Windows\\Fonts\\cambriaz.ttf', name='Cambria', style='italic', variant='normal', weight=700, stretch='normal', size='scalable')) = 11.335
2025-03-25 04:20:33,962 - matplotlib.font_manager - DEBUG - findfont: score(FontEntry(fname='C:\\Windows\\Fonts\\BRLNSDB.TTF', name='Berlin Sans FB Demi', style='normal', variant='normal', weight=700, stretch='normal', size='scalable')) = 10.335
2025-03-25 04:20:33,962 - matplotlib.font_manager - DEBUG - findfont: score(FontEntry(fname='C:\\Windows\\Fonts\\segoescb.ttf', name='Segoe Script', style='normal', variant='normal', weight=700, stretch='normal', size='scalable')) = 10.335
2025-03-25 04:20:33,962 - matplotlib.font_manager - DEBUG - findfont: score(FontEntry(fname='C:\\Windows\\Fonts\\GILSANUB.TTF', name='Gill Sans Ultra Bold', style='normal', variant='normal', weight=400, stretch='normal', size='scalable')) = 10.05
2025-03-25 04:20:33,962 - matplotlib.font_manager - DEBUG - findfont: score(FontEntry(fname='C:\\Windows\\Fonts\\micross.ttf', name='Microsoft Sans Serif', style='normal', variant='normal', weight=400, stretch='normal', size='scalable')) = 10.05
2025-03-25 04:20:33,962 - matplotlib.font_manager - DEBUG - findfont: score(FontEntry(fname='C:\\Windows\\Fonts\\segoeuii.ttf', name='Segoe UI', style='italic', variant='normal', weight=400, stretch='normal', size='scalable')) = 11.05
2025-03-25 04:20:33,962 - matplotlib.font_manager - DEBUG - findfont: score(FontEntry(fname='C:\\Windows\\Fonts\\palab.ttf', name='Palatino Linotype', style='normal', variant='normal', weight=700, stretch='normal', size='scalable')) = 10.335
2025-03-25 04:20:33,962 - matplotlib.font_manager - DEBUG - findfont: score(FontEntry(fname='C:\\Windows\\Fonts\\trebucbd.ttf', name='Trebuchet MS', style='normal', variant='normal', weight=700, stretch='normal', size='scalable')) = 10.335
2025-03-25 04:20:33,962 - matplotlib.font_manager - DEBUG - findfont: score(FontEntry(fname='C:\\Windows\\Fonts\\STHUPO.TTF', name='STHupo', style='normal', variant='normal', weight=400, stretch='normal', size='scalable')) = 10.05
2025-03-25 04:20:33,964 - matplotlib.font_manager - DEBUG - findfont: score(FontEntry(fname='C:\\Windows\\Fonts\\ITCEDSCR.TTF', name='Edwardian Script ITC', style='normal', variant='normal', weight=400, stretch='normal', size='scalable')) = 10.05
2025-03-25 04:20:33,964 - matplotlib.font_manager - DEBUG - findfont: score(FontEntry(fname='C:\\Windows\\Fonts\\msjhbd.ttc', name='Microsoft JhengHei', style='normal', variant='normal', weight=700, stretch='normal', size='scalable')) = 10.335
2025-03-25 04:20:33,964 - matplotlib.font_manager - DEBUG - findfont: score(FontEntry(fname='C:\\Windows\\Fonts\\corbelli.ttf', name='Corbel', style='italic', variant='normal', weight=300, stretch='normal', size='scalable')) = 11.145
2025-03-25 04:20:33,965 - matplotlib.font_manager - DEBUG - findfont: score(FontEntry(fname='C:\\Windows\\Fonts\\consolab.ttf', name='Consolas', style='normal', variant='normal', weight=700, stretch='normal', size='scalable')) = 10.335
2025-03-25 04:20:33,965 - matplotlib.font_manager - DEBUG - findfont: score(FontEntry(fname='C:\\Windows\\Fonts\\Candarai.ttf', name='Candara', style='italic', variant='normal', weight=400, stretch='normal', size='scalable')) = 11.05
2025-03-25 04:20:33,965 - matplotlib.font_manager - DEBUG - findfont: score(FontEntry(fname='C:\\Windows\\Fonts\\ROGFonts-Regular.otf', name='ROG Fonts', style='normal', variant='normal', weight=400, stretch='normal', size='scalable')) = 10.05
2025-03-25 04:20:33,965 - matplotlib.font_manager - DEBUG - findfont: score(FontEntry(fname='C:\\Windows\\Fonts\\seguisbi.ttf', name='Segoe UI', style='italic', variant='normal', weight=600, stretch='normal', size='scalable')) = 11.24
2025-03-25 04:20:33,965 - matplotlib.font_manager - DEBUG - findfont: score(FontEntry(fname='C:\\Windows\\Fonts\\WINGDNG3.TTF', name='Wingdings 3', style='normal', variant='normal', weight=400, stretch='normal', size='scalable')) = 10.05
2025-03-25 04:20:33,966 - matplotlib.font_manager - DEBUG - findfont: score(FontEntry(fname='C:\\Windows\\Fonts\\LTYPE.TTF', name='Lucida Sans Typewriter', style='normal', variant='normal', weight=400, stretch='normal', size='scalable')) = 10.05
2025-03-25 04:20:33,966 - matplotlib.font_manager - DEBUG - findfont: score(FontEntry(fname='C:\\Windows\\Fonts\\SegoeIcons.ttf', name='Segoe Fluent Icons', style='normal', variant='normal', weight=400, stretch='normal', size='scalable')) = 10.05
2025-03-25 04:20:33,966 - matplotlib.font_manager - DEBUG - findfont: score(FontEntry(fname='C:\\Windows\\Fonts\\consolaz.ttf', name='Consolas', style='italic', variant='normal', weight=700, stretch='normal', size='scalable')) = 11.335
2025-03-25 04:20:33,966 - matplotlib.font_manager - DEBUG - findfont: score(FontEntry(fname='C:\\Windows\\Fonts\\malgun.ttf', name='Malgun Gothic', style='normal', variant='normal', weight=400, stretch='normal', size='scalable')) = 10.05
2025-03-25 04:20:33,966 - matplotlib.font_manager - DEBUG - findfont: score(FontEntry(fname='C:\\Windows\\Fonts\\corbelb.ttf', name='Corbel', style='normal', variant='normal', weight=700, stretch='normal', size='scalable')) = 10.335
2025-03-25 04:20:33,967 - matplotlib.font_manager - DEBUG - findfont: score(FontEntry(fname='C:\\Windows\\Fonts\\CENTAUR.TTF', name='Centaur', style='normal', variant='normal', weight=400, stretch='normal', size='scalable')) = 10.05
2025-03-25 04:20:33,967 - matplotlib.font_manager - DEBUG - findfont: score(FontEntry(fname='C:\\Windows\\Fonts\\TCCB____.TTF', name='Tw Cen MT Condensed', style='normal', variant='normal', weight=700, stretch='condensed', size='scalable')) = 10.535
2025-03-25 04:20:33,967 - matplotlib.font_manager - DEBUG - findfont: score(FontEntry(fname='C:\\Windows\\Fonts\\verdana.ttf', name='Verdana', style='normal', variant='normal', weight=400, stretch='normal', size='scalable')) = 3.6863636363636365
2025-03-25 04:20:33,967 - matplotlib.font_manager - DEBUG - findfont: score(FontEntry(fname='C:\\Windows\\Fonts\\FTLTLT.TTF', name='Footlight MT Light', style='normal', variant='normal', weight=300, stretch='normal', size='scalable')) = 10.145
2025-03-25 04:20:33,967 - matplotlib.font_manager - DEBUG - findfont: score(FontEntry(fname='C:\\Windows\\Fonts\\FRSCRIPT.TTF', name='French Script MT', style='normal', variant='normal', weight=400, stretch='normal', size='scalable')) = 10.05
2025-03-25 04:20:33,968 - matplotlib.font_manager - DEBUG - findfont: score(FontEntry(fname='C:\\Windows\\Fonts\\msyi.ttf', name='Microsoft Yi Baiti', style='normal', variant='normal', weight=400, stretch='normal', size='scalable')) = 10.05
2025-03-25 04:20:33,968 - matplotlib.font_manager - DEBUG - findfont: score(FontEntry(fname='C:\\Windows\\Fonts\\STFANGSO.TTF', name='STFangsong', style='normal', variant='normal', weight=400, stretch='normal', size='scalable')) = 10.05
2025-03-25 04:20:33,968 - matplotlib.font_manager - DEBUG - findfont: score(FontEntry(fname='C:\\Windows\\Fonts\\seguibli.ttf', name='Segoe UI', style='italic', variant='normal', weight=900, stretch='normal', size='scalable')) = 11.525
2025-03-25 04:20:33,968 - matplotlib.font_manager - DEBUG - findfont: score(FontEntry(fname='C:\\Windows\\Fonts\\KUNSTLER.TTF', name='Kunstler Script', style='normal', variant='normal', weight=400, stretch='normal', size='scalable')) = 10.05
2025-03-25 04:20:33,968 - matplotlib.font_manager - DEBUG - findfont: score(FontEntry(fname='C:\\Windows\\Fonts\\ITCBLKAD.TTF', name='Blackadder ITC', style='normal', variant='normal', weight=400, stretch='normal', size='scalable')) = 10.05
2025-03-25 04:20:33,968 - matplotlib.font_manager - DEBUG - findfont: score(FontEntry(fname='C:\\Windows\\Fonts\\BOD_CI.TTF', name='Bodoni MT', style='italic', variant='normal', weight=400, stretch='condensed', size='scalable')) = 11.25
2025-03-25 04:20:33,968 - matplotlib.font_manager - DEBUG - findfont: score(FontEntry(fname='C:\\Windows\\Fonts\\BOOKOSI.TTF', name='Bookman Old Style', style='italic', variant='normal', weight=300, stretch='normal', size='scalable')) = 11.145
2025-03-25 04:20:33,968 - matplotlib.font_manager - DEBUG - findfont: score(FontEntry(fname='C:\\Windows\\Fonts\\FREESCPT.TTF', name='Freestyle Script', style='normal', variant='normal', weight=400, stretch='normal', size='scalable')) = 10.05
2025-03-25 04:20:33,970 - matplotlib.font_manager - DEBUG - findfont: score(FontEntry(fname='C:\\Windows\\Fonts\\LEELAWDB.TTF', name='Leelawadee', style='normal', variant='normal', weight=700, stretch='normal', size='scalable')) = 10.335
2025-03-25 04:20:33,970 - matplotlib.font_manager - DEBUG - findfont: score(FontEntry(fname='C:\\Windows\\Fonts\\corbeli.ttf', name='Corbel', style='italic', variant='normal', weight=400, stretch='normal', size='scalable')) = 11.05
2025-03-25 04:20:33,970 - matplotlib.font_manager - DEBUG - findfont: score(FontEntry(fname='C:\\Windows\\Fonts\\FRADMIT.TTF', name='Franklin Gothic Demi', style='italic', variant='normal', weight=400, stretch='normal', size='scalable')) = 11.05
2025-03-25 04:20:33,970 - matplotlib.font_manager - DEBUG - findfont: score(FontEntry(fname='C:\\Windows\\Fonts\\BOOKOSB.TTF', name='Bookman Old Style', style='normal', variant='normal', weight=600, stretch='normal', size='scalable')) = 10.24
2025-03-25 04:20:33,971 - matplotlib.font_manager - DEBUG - findfont: score(FontEntry(fname='C:\\Windows\\Fonts\\TCCM____.TTF', name='Tw Cen MT Condensed', style='normal', variant='normal', weight=400, stretch='condensed', size='scalable')) = 10.25
2025-03-25 04:20:33,971 - matplotlib.font_manager - DEBUG - findfont: score(FontEntry(fname='C:\\Windows\\Fonts\\STXIHEI.TTF', name='STXihei', style='normal', variant='normal', weight=400, stretch='normal', size='scalable')) = 10.05
2025-03-25 04:20:33,971 - matplotlib.font_manager - DEBUG - findfont: score(FontEntry(fname='C:\\Windows\\Fonts\\tahomabd.ttf', name='Tahoma', style='normal', variant='normal', weight=700, stretch='normal', size='scalable')) = 10.335
2025-03-25 04:20:33,971 - matplotlib.font_manager - DEBUG - findfont: score(FontEntry(fname='C:\\Users\\ROG\\AppData\\Local\\Microsoft\\Windows\\Fonts\\fontawesome5-regular-webfont.ttf', name='Font Awesome 5 Free Regular', style='normal', variant='normal', weight=400, stretch='normal', size='scalable')) = 10.05
2025-03-25 04:20:33,972 - matplotlib.font_manager - DEBUG - findfont: score(FontEntry(fname='C:\\Windows\\Fonts\\GOTHIC.TTF', name='Century Gothic', style='normal', variant='normal', weight=400, stretch='normal', size='scalable')) = 10.05
2025-03-25 04:20:33,972 - matplotlib.font_manager - DEBUG - findfont: score(FontEntry(fname='C:\\Windows\\Fonts\\SegUIVar.ttf', name='Segoe UI Variable', style='normal', variant='normal', weight=400, stretch='normal', size='scalable')) = 10.05
2025-03-25 04:20:33,972 - matplotlib.font_manager - DEBUG - findfont: score(FontEntry(fname='C:\\Windows\\Fonts\\georgiab.ttf', name='Georgia', style='normal', variant='normal', weight=700, stretch='normal', size='scalable')) = 10.335
2025-03-25 04:20:33,972 - matplotlib.font_manager - DEBUG - findfont: score(FontEntry(fname='C:\\Windows\\Fonts\\YuGothL.ttc', name='Yu Gothic', style='normal', variant='normal', weight=300, stretch='normal', size='scalable')) = 10.145
2025-03-25 04:20:33,972 - matplotlib.font_manager - DEBUG - findfont: score(FontEntry(fname='C:\\Windows\\Fonts\\PERTILI.TTF', name='Perpetua Titling MT', style='normal', variant='normal', weight=300, stretch='normal', size='scalable')) = 10.145
2025-03-25 04:20:33,972 - matplotlib.font_manager - DEBUG - findfont: score(FontEntry(fname='C:\\Windows\\Fonts\\monbaiti.ttf', name='Mongolian Baiti', style='normal', variant='normal', weight=400, stretch='normal', size='scalable')) = 10.05
2025-03-25 04:20:33,973 - matplotlib.font_manager - DEBUG - findfont: score(FontEntry(fname='C:\\Windows\\Fonts\\SitkaVF-Italic.ttf', name='Sitka', style='italic', variant='normal', weight=400, stretch='normal', size='scalable')) = 11.05
2025-03-25 04:20:33,973 - matplotlib.font_manager - DEBUG - findfont: score(FontEntry(fname='C:\\Windows\\Fonts\\GILC____.TTF', name='Gill Sans MT Condensed', style='normal', variant='normal', weight=400, stretch='condensed', size='scalable')) = 10.25
2025-03-25 04:20:33,973 - matplotlib.font_manager - DEBUG - findfont: score(FontEntry(fname='C:\\Windows\\Fonts\\SansSerifCollection.ttf', name='Sans Serif Collection', style='normal', variant='normal', weight=400, stretch='normal', size='scalable')) = 10.05
2025-03-25 04:20:33,973 - matplotlib.font_manager - DEBUG - findfont: score(FontEntry(fname='C:\\Windows\\Fonts\\BERNHC.TTF', name='Bernard MT Condensed', style='normal', variant='normal', weight=400, stretch='condensed', size='scalable')) = 10.25
2025-03-25 04:20:33,973 - matplotlib.font_manager - DEBUG - findfont: score(FontEntry(fname='C:\\Windows\\Fonts\\LFAXDI.TTF', name='Lucida Fax', style='italic', variant='normal', weight=600, stretch='normal', size='scalable')) = 11.24
2025-03-25 04:20:33,974 - matplotlib.font_manager - DEBUG - findfont: score(FontEntry(fname='C:\\Windows\\Fonts\\trebucbi.ttf', name='Trebuchet MS', style='italic', variant='normal', weight=700, stretch='normal', size='scalable')) = 11.335
2025-03-25 04:20:33,974 - matplotlib.font_manager - DEBUG - findfont: score(FontEntry(fname='C:\\Windows\\Fonts\\RAVIE.TTF', name='Ravie', style='normal', variant='normal', weight=400, stretch='normal', size='scalable')) = 10.05
2025-03-25 04:20:33,974 - matplotlib.font_manager - DEBUG - findfont: score(FontEntry(fname='C:\\Windows\\Fonts\\l_10646.ttf', name='Lucida Sans Unicode', style='normal', variant='normal', weight=400, stretch='normal', size='scalable')) = 10.05
2025-03-25 04:20:33,974 - matplotlib.font_manager - DEBUG - findfont: score(FontEntry(fname='C:\\Windows\\Fonts\\FRABKIT.TTF', name='Franklin Gothic Book', style='italic', variant='normal', weight=400, stretch='normal', size='scalable')) = 11.05
2025-03-25 04:20:33,974 - matplotlib.font_manager - DEBUG - findfont: score(FontEntry(fname='C:\\Windows\\Fonts\\cour.ttf', name='Courier New', style='normal', variant='normal', weight=400, stretch='normal', size='scalable')) = 10.05
2025-03-25 04:20:33,975 - matplotlib.font_manager - DEBUG - findfont: score(FontEntry(fname='C:\\Windows\\Fonts\\COPRGTL.TTF', name='Copperplate Gothic Light', style='normal', variant='normal', weight=400, stretch='normal', size='scalable')) = 10.05
2025-03-25 04:20:33,975 - matplotlib.font_manager - DEBUG - findfont: score(FontEntry(fname='C:\\Windows\\Fonts\\MATURASC.TTF', name='Matura MT Script Capitals', style='normal', variant='normal', weight=400, stretch='normal', size='scalable')) = 10.05
2025-03-25 04:20:33,975 - matplotlib.font_manager - DEBUG - findfont: score(FontEntry(fname='C:\\Windows\\Fonts\\constani.ttf', name='Constantia', style='italic', variant='normal', weight=400, stretch='normal', size='scalable')) = 11.05
2025-03-25 04:20:33,976 - matplotlib.font_manager - DEBUG - findfont: score(FontEntry(fname='C:\\Windows\\Fonts\\ALGER.TTF', name='Algerian', style='normal', variant='normal', weight=400, stretch='normal', size='scalable')) = 10.05
2025-03-25 04:20:33,976 - matplotlib.font_manager - DEBUG - findfont: score(FontEntry(fname='C:\\Windows\\Fonts\\Gabriola.ttf', name='Gabriola', style='normal', variant='normal', weight=400, stretch='normal', size='scalable')) = 10.05
2025-03-25 04:20:33,976 - matplotlib.font_manager - DEBUG - findfont: score(FontEntry(fname='C:\\Windows\\Fonts\\ARLRDBD.TTF', name='Arial Rounded MT Bold', style='normal', variant='normal', weight=400, stretch='normal', size='scalable')) = 10.05
2025-03-25 04:20:33,976 - matplotlib.font_manager - DEBUG - findfont: score(FontEntry(fname='C:\\Users\\ROG\\AppData\\Local\\Microsoft\\Windows\\Fonts\\elusiveicons-webfont.ttf', name='elusiveicons', style='normal', variant='normal', weight=500, stretch='normal', size='scalable')) = 10.145
2025-03-25 04:20:33,976 - matplotlib.font_manager - DEBUG - findfont: score(FontEntry(fname='C:\\Windows\\Fonts\\seguihis.ttf', name='Segoe UI Historic', style='normal', variant='normal', weight=400, stretch='normal', size='scalable')) = 10.05
2025-03-25 04:20:33,978 - matplotlib.font_manager - DEBUG - findfont: score(FontEntry(fname='C:\\Windows\\Fonts\\BOD_BLAI.TTF', name='Bodoni MT', style='italic', variant='normal', weight=900, stretch='normal', size='scalable')) = 11.525
2025-03-25 04:20:33,978 - matplotlib.font_manager - DEBUG - findfont: score(FontEntry(fname='C:\\Windows\\Fonts\\seguibl.ttf', name='Segoe UI', style='normal', variant='normal', weight=900, stretch='normal', size='scalable')) = 10.525
2025-03-25 04:20:33,978 - matplotlib.font_manager - DEBUG - findfont: score(FontEntry(fname='C:\\Windows\\Fonts\\impact.ttf', name='Impact', style='normal', variant='normal', weight=400, stretch='normal', size='scalable')) = 10.05
2025-03-25 04:20:33,978 - matplotlib.font_manager - DEBUG - findfont: score(FontEntry(fname='C:\\Windows\\Fonts\\FRAHVIT.TTF', name='Franklin Gothic Heavy', style='italic', variant='normal', weight=400, stretch='normal', size='scalable')) = 11.05
2025-03-25 04:20:33,978 - matplotlib.font_manager - DEBUG - findfont: score(FontEntry(fname='C:\\Windows\\Fonts\\MSUIGHUB.TTF', name='Microsoft Uighur', style='normal', variant='normal', weight=700, stretch='normal', size='scalable')) = 10.335
2025-03-25 04:20:33,979 - matplotlib.font_manager - DEBUG - findfont: score(FontEntry(fname='C:\\Windows\\Fonts\\couri.ttf', name='Courier New', style='italic', variant='normal', weight=400, stretch='normal', size='scalable')) = 11.05
2025-03-25 04:20:33,979 - matplotlib.font_manager - DEBUG - findfont: score(FontEntry(fname='C:\\Windows\\Fonts\\MAGNETOB.TTF', name='Magneto', style='normal', variant='normal', weight=700, stretch='normal', size='scalable')) = 10.335
2025-03-25 04:20:33,979 - matplotlib.font_manager - DEBUG - findfont: score(FontEntry(fname='C:\\Windows\\Fonts\\CALISTB.TTF', name='Calisto MT', style='normal', variant='normal', weight=700, stretch='normal', size='scalable')) = 10.335
2025-03-25 04:20:33,980 - matplotlib.font_manager - DEBUG - findfont: score(FontEntry(fname='C:\\Windows\\Fonts\\mmrtext.ttf', name='Myanmar Text', style='normal', variant='normal', weight=400, stretch='normal', size='scalable')) = 10.05
2025-03-25 04:20:33,980 - matplotlib.font_manager - DEBUG - findfont: score(FontEntry(fname='C:\\Windows\\Fonts\\STSONG.TTF', name='STSong', style='normal', variant='normal', weight=400, stretch='normal', size='scalable')) = 10.05
2025-03-25 04:20:33,980 - matplotlib.font_manager - DEBUG - findfont: score(FontEntry(fname='C:\\Windows\\Fonts\\trebuc.ttf', name='Trebuchet MS', style='normal', variant='normal', weight=400, stretch='normal', size='scalable')) = 10.05
2025-03-25 04:20:33,980 - matplotlib.font_manager - DEBUG - findfont: score(FontEntry(fname='C:\\Windows\\Fonts\\Candaraz.ttf', name='Candara', style='italic', variant='normal', weight=700, stretch='normal', size='scalable')) = 11.335
2025-03-25 04:20:33,980 - matplotlib.font_manager - DEBUG - findfont: score(FontEntry(fname='C:\\Windows\\Fonts\\CALIST.TTF', name='Calisto MT', style='normal', variant='normal', weight=400, stretch='normal', size='scalable')) = 10.05
2025-03-25 04:20:33,980 - matplotlib.font_manager - DEBUG - findfont: score(FontEntry(fname='C:\\Windows\\Fonts\\NirmalaB.ttf', name='Nirmala UI', style='normal', variant='normal', weight=700, stretch='normal', size='scalable')) = 10.335
2025-03-25 04:20:33,980 - matplotlib.font_manager - DEBUG - findfont: score(FontEntry(fname='C:\\Windows\\Fonts\\trebucit.ttf', name='Trebuchet MS', style='italic', variant='normal', weight=400, stretch='normal', size='scalable')) = 11.05
2025-03-25 04:20:33,980 - matplotlib.font_manager - DEBUG - findfont: score(FontEntry(fname='C:\\Windows\\Fonts\\Candarab.ttf', name='Candara', style='normal', variant='normal', weight=700, stretch='normal', size='scalable')) = 10.335
2025-03-25 04:20:33,980 - matplotlib.font_manager - DEBUG - findfont: score(FontEntry(fname='C:\\Windows\\Fonts\\DUBAI-BOLD.TTF', name='Dubai', style='normal', variant='normal', weight=700, stretch='normal', size='scalable')) = 10.335
2025-03-25 04:20:33,980 - matplotlib.font_manager - DEBUG - findfont: score(FontEntry(fname='C:\\Windows\\Fonts\\georgiai.ttf', name='Georgia', style='italic', variant='normal', weight=400, stretch='normal', size='scalable')) = 11.05
2025-03-25 04:20:33,980 - matplotlib.font_manager - DEBUG - findfont: score(FontEntry(fname='C:\\Windows\\Fonts\\HARNGTON.TTF', name='Harrington', style='normal', variant='normal', weight=400, stretch='normal', size='scalable')) = 10.05
2025-03-25 04:20:33,980 - matplotlib.font_manager - DEBUG - findfont: score(FontEntry(fname='C:\\Windows\\Fonts\\AGENCYR.TTF', name='Agency FB', style='normal', variant='normal', weight=400, stretch='normal', size='scalable')) = 10.05
2025-03-25 04:20:33,980 - matplotlib.font_manager - DEBUG - findfont: score(FontEntry(fname='C:\\Windows\\Fonts\\HATTEN.TTF', name='Haettenschweiler', style='normal', variant='normal', weight=400, stretch='normal', size='scalable')) = 10.05
2025-03-25 04:20:33,980 - matplotlib.font_manager - DEBUG - findfont: score(FontEntry(fname='C:\\Windows\\Fonts\\PLAYBILL.TTF', name='Playbill', style='normal', variant='normal', weight=400, stretch='normal', size='scalable')) = 10.05
2025-03-25 04:20:33,980 - matplotlib.font_manager - DEBUG - findfont: score(FontEntry(fname='C:\\Windows\\Fonts\\ROCKI.TTF', name='Rockwell', style='italic', variant='normal', weight=400, stretch='normal', size='scalable')) = 11.05
2025-03-25 04:20:33,980 - matplotlib.font_manager - DEBUG - findfont: score(FontEntry(fname='C:\\Windows\\Fonts\\COPRGTB.TTF', name='Copperplate Gothic Bold', style='normal', variant='normal', weight=400, stretch='normal', size='scalable')) = 10.05
2025-03-25 04:20:33,980 - matplotlib.font_manager - DEBUG - findfont: score(FontEntry(fname='C:\\Windows\\Fonts\\POORICH.TTF', name='Poor Richard', style='normal', variant='normal', weight=400, stretch='normal', size='scalable')) = 10.05
2025-03-25 04:20:33,980 - matplotlib.font_manager - DEBUG - findfont: score(FontEntry(fname='C:\\Windows\\Fonts\\msyhl.ttc', name='Microsoft YaHei', style='normal', variant='normal', weight=290, stretch='normal', size='scalable')) = 10.1545
2025-03-25 04:20:33,980 - matplotlib.font_manager - DEBUG - findfont: Matching sans\-serif:style=normal:variant=normal:weight=normal:stretch=normal:size=12.0 to DejaVu Sans ('C:\\Users\\ROG\\.conda\\envs\\quangstation\\Lib\\site-packages\\matplotlib\\mpl-data\\fonts\\ttf\\DejaVuSans.ttf') with score of 0.050000.
2025-03-25 04:20:34,185 - quangtps.ui.dose_tab - INFO - Khởi tạo tab liều lượng hoàn tất
2025-03-25 04:20:34,468 - quangtps.ui.treatment_tab - INFO - Khởi tạo tab điều trị hoàn tất
2025-03-25 04:20:34,488 - quangtps.ui.reporting_tab - INFO - Khởi tạo tab báo cáo hoàn tất
2025-03-25 04:20:35,944 - quangtps.database.patient_db - INFO - Đã lấy danh sách 0 bệnh nhân
2025-03-25 04:20:35,979 - quangtps.ui.main_window - INFO - Khởi tạo cửa sổ chính QuangTPS hoàn tất
